safegraph_place_id,location_name,street_address,city,region,postal_code,brands,naics_code,date_range_start,date_range_end,raw_visit_counts,raw_visitor_counts,visits_by_day,visits_by_each_hour,visitor_home_cbgs,visitor_country_of_origin,distance_from_home,median_dwell,bucketed_dwell_times,related_same_day_brand,related_same_week_brand,device_type,iso_country_code
sg:2c04e5af8b2f41dfa5a0f410e6773967,Route 66,2633 Taylor St,San Francisco,CA,94133,[],448120,2020-03-15T00:00:00-07:00,2020-03-22T00:00:00-07:00,3,3,"[2,0,0,0,1,0,0]","[0,0,0,0,0,0,0,0,0,0,2,0,0,0,0,0,0,0,0,0,0,0,0,0,0,0,0,0,0,0,0,0,0,0,0,0,0,0,0,0,0,0,0,0,0,0,0,0,0,0,0,0,0,0,0,0,0,0,0,0,0,0,0,0,0,0,0,0,0,0,0,0,0,0,0,0,0,0,0,0,0,0,0,0,0,0,0,0,0,0,0,0,0,0,0,0,0,0,0,0,0,0,0,0,0,0,0,1,0,0,0,0,0,0,0,0,0,0,0,0,0,0,0,0,0,0,0,0,0,0,0,0,0,0,0,0,0,0,0,0,0,0,0,0,0,0,0,0,0,0,0,0,0,0,0,0,0,0,0,0,0,0,0,0,0,0,0,0]",{},{},null,10,"{""<5"":0,""5-20"":3,""21-60"":0,""61-240"":0,"">240"":0}",{},{},"{""android"":0,""ios"":0}",US
sg:526a4a3ac0d64ed4bdf6a8e3e49cde96,Mission Organic,5258 Mission St,San Francisco,CA,94112,[],424210,2020-03-15T00:00:00-07:00,2020-03-22T00:00:00-07:00,1,1,"[1,0,0,0,0,0,0]","[0,0,0,0,0,0,0,1,0,0,0,0,0,0,0,0,0,0,0,0,0,0,0,0,0,0,0,0,0,0,0,0,0,0,0,0,0,0,0,0,0,0,0,0,0,0,0,0,0,0,0,0,0,0,0,0,0,0,0,0,0,0,0,0,0,0,0,0,0,0,0,0,0,0,0,0,0,0,0,0,0,0,0,0,0,0,0,0,0,0,0,0,0,0,0,0,0,0,0,0,0,0,0,0,0,0,0,0,0,0,0,0,0,0,0,0,0,0,0,0,0,0,0,0,0,0,0,0,0,0,0,0,0,0,0,0,0,0,0,0,0,0,0,0,0,0,0,0,0,0,0,0,0,0,0,0,0,0,0,0,0,0,0,0,0,0,0,0]",{},{},null,480,"{""<5"":0,""5-20"":0,""21-60"":0,""61-240"":0,"">240"":1}",{},{},"{""android"":0,""ios"":0}",US
sg:732ad8ed18e84b0c94f1cd0ca8adf4d1,Linda Park,Linda Park,San Francisco,CA,94110,[],712190,2020-03-15T00:00:00-07:00,2020-03-22T00:00:00-07:00,28,20,"[3,6,3,5,7,4,0]","[0,0,0,0,0,0,0,0,0,0,0,1,0,0,1,1,0,0,0,0,0,0,0,0,0,0,0,0,0,0,0,0,0,0,1,0,1,0,1,1,1,1,0,0,0,0,0,0,0,0,0,0,0,0,0,0,0,0,0,0,1,0,0,0,0,1,1,0,0,0,0,0,0,0,0,0,0,0,0,0,0,0,0,1,0,1,1,2,0,0,0,0,0,0,0,0,0,0,0,0,0,0,0,0,0,0,1,0,1,1,3,1,0,0,0,0,0,0,0,0,0,0,0,0,0,0,1,1,1,0,0,0,0,0,0,0,0,1,0,0,0,0,0,0,0,0,0,0,0,0,0,0,0,0,0,0,0,0,0,0,0,0,0,0,0,0,0,0]",{},"{""US"":19}",4476,32.5,"{""<5"":1,""5-20"":9,""21-60"":9,""61-240"":9,"">240"":0}",{},"{""Safeway"":14,""Chevron"":14,""CVS"":12,""Target"":11,""The Home Depot"":7,""Shell Oil"":7,""Starbucks"":6}","{""android"":8,""ios"":12}",US
sg:94e182b248154ff1bfb0d94c7394baf3,El Mediano Produce Market,2097 Mission St,San Francisco,CA,94110,[],445110,2020-03-15T00:00:00-07:00,2020-03-22T00:00:00-07:00,2,2,"[0,1,0,1,0,0,0]","[0,0,0,0,0,0,0,0,0,0,0,0,0,0,0,0,0,0,0,0,0,0,0,0,0,0,0,0,0,0,0,0,0,0,0,0,0,0,0,0,1,0,0,0,0,0,0,0,0,0,0,0,0,0,0,0,0,0,0,0,0,0,0,0,0,0,0,0,0,0,0,0,0,0,0,0,0,0,0,0,0,0,0,0,1,0,0,0,0,0,0,0,0,0,0,0,0,0,0,0,0,0,0,0,0,0,0,0,0,0,0,0,0,0,0,0,0,0,0,0,0,0,0,0,0,0,0,0,0,0,0,0,0,0,0,0,0,0,0,0,0,0,0,0,0,0,0,0,0,0,0,0,0,0,0,0,0,0,0,0,0,0,0,0,0,0,0,0]",{},{},null,10,"{""<5"":0,""5-20"":2,""21-60"":0,""61-240"":0,"">240"":0}",{},{},"{""android"":0,""ios"":0}",US
sg:a8ab1a78278543638fd85fb059e90e06,Cross Cultural Family Center,750 31st Ave,San Francisco,CA,94121,[],624410,2020-03-15T00:00:00-07:00,2020-03-22T00:00:00-07:00,2,1,"[0,0,0,0,0,0,2]","[0,0,0,0,0,0,0,0,0,0,0,0,0,0,0,0,0,0,0,0,0,0,0,0,0,0,0,0,0,0,0,0,0,0,0,0,0,0,0,0,0,0,0,0,0,0,0,0,0,0,0,0,0,0,0,0,0,0,0,0,0,0,0,0,0,0,0,0,0,0,0,0,0,0,0,0,0,0,0,0,0,0,0,0,0,0,0,0,0,0,0,0,0,0,0,0,0,0,0,0,0,0,0,0,0,0,0,0,0,0,0,0,0,0,0,0,0,0,0,0,0,0,0,0,0,0,0,0,0,0,0,0,0,0,0,0,0,0,0,0,0,0,0,0,0,0,0,0,0,0,0,1,0,0,0,0,0,0,0,0,0,1,0,0,0,0,0,0]",{},null,null,977.5,"{""<5"":0,""5-20"":0,""21-60"":0,""61-240"":0,"">240"":2}",{},{},"{""android"":0,""ios"":0}",US
sg:b1d66c8d9f8d45a59c72ddaaebcb199e,Amerisino Consulting Group,1185 Pine St Apt 45,San Francisco,CA,94109,[],621330,2020-03-15T00:00:00-07:00,2020-03-22T00:00:00-07:00,3,2,"[0,0,0,1,2,0,0]","[0,0,0,0,0,0,0,0,0,0,0,0,0,0,0,0,0,0,0,0,0,0,0,0,0,0,0,0,0,0,0,0,0,0,0,0,0,0,0,0,0,0,0,0,0,0,0,0,0,0,0,0,0,0,0,0,0,0,0,0,0,0,0,0,0,0,0,0,0,0,0,0,1,0,0,0,0,0,0,0,0,0,0,0,0,0,0,0,0,0,0,0,0,0,0,0,0,1,0,0,0,0,0,0,0,0,0,0,0,0,0,0,0,0,0,0,0,0,1,0,0,0,0,0,0,0,0,0,0,0,0,0,0,0,0,0,0,0,0,0,0,0,0,0,0,0,0,0,0,0,0,0,0,0,0,0,0,0,0,0,0,0,0,0,0,0,0,0]",{},{},null,20,"{""<5"":0,""5-20"":2,""21-60"":0,""61-240"":1,"">240"":0}",{},{},"{""android"":0,""ios"":0}",US
sg:ba4408063b86485d87dee61babfb25b0,Halcyon Park,Halcyon Park,San Francisco,CA,94578,[],712190,2020-03-15T00:00:00-07:00,2020-03-22T00:00:00-07:00,68,39,"[5,11,9,5,9,14,15]","[0,0,0,0,0,0,0,0,0,0,0,0,0,0,1,1,0,1,0,1,0,0,1,0,0,0,0,0,0,0,0,0,0,1,0,2,0,0,1,0,0,3,1,2,0,1,0,0,0,0,0,0,0,1,0,0,0,1,1,0,0,0,0,0,1,4,0,1,0,0,0,0,0,0,0,0,0,0,0,0,1,0,0,0,1,0,0,0,0,0,0,0,0,3,0,0,0,0,0,0,0,0,0,0,0,0,0,0,0,1,0,2,1,1,1,1,1,1,0,0,0,2,0,0,0,0,1,0,0,0,0,0,1,1,0,0,1,1,1,3,1,0,1,1,2,0,0,0,0,0,1,0,0,0,0,2,0,0,0,0,2,2,1,3,0,0,2,0]",{},"{""US"":24}",5293,165,"{""<5"":2,""5-20"":15,""21-60"":7,""61-240"":12,"">240"":32}","{""Smoker Friendly"":20,""Peet's Coffee and Tea"":20,""Chili's Grill & Bar"":12,""Domino's Pizza"":12,""Burger King"":12,""Jack in the Box"":8}","{""7-Eleven"":9,""Jack in the Box"":7,""Safeway"":7,""Chevron"":6,""Costco Wholesale Corp."":6,""Dollar Tree"":5,""Arteagas Food Center"":5,""Smoker Friendly"":5,""Round Table Pizza"":5,""Lucky Supermarkets"":5}","{""android"":24,""ios"":15}",US
sg:cf5f28192572405d9ffd2d5c0de7a124,Martha & Brothers Coffee,3868 24th St,San Francisco,CA,94114,[],722515,2020-03-15T00:00:00-07:00,2020-03-22T00:00:00-07:00,7,6,"[2,0,1,1,1,0,2]","[0,0,0,0,0,0,0,0,0,0,0,0,1,0,1,0,0,0,0,0,0,0,0,0,0,0,0,0,0,0,0,0,0,0,0,0,0,0,0,0,0,0,0,0,0,0,0,0,0,0,0,0,0,0,0,0,0,0,0,0,0,0,0,1,0,0,0,0,0,0,0,0,0,0,0,0,0,0,0,0,0,0,0,0,0,0,0,0,0,1,0,0,0,0,0,0,0,0,0,0,0,0,0,0,0,0,0,1,0,0,0,0,0,0,0,0,0,0,0,0,0,0,0,0,0,0,0,0,0,0,0,0,0,0,0,0,0,0,0,0,0,0,0,0,0,0,0,0,0,0,0,0,1,0,0,1,0,0,0,0,0,0,0,0,0,0,0,0]",{},{},null,19,"{""<5"":1,""5-20"":3,""21-60"":1,""61-240"":1,"">240"":1}",{},"{""Umami Burger"":17,""Rumble"":17,""Charles Schwab"":17,""24 Hour Fitness"":17,""Papa John's"":16,""Safeway"":16,""Popeyes Louisiana Kitchen"":16,""Chevron"":15,""Burger King"":15,""Subway"":14,""CVS"":14,""Target"":13,""McDonald's"":10}","{""android"":0,""ios"":5}",US
sg:d0888eb591344d20a366374f6e829891,The Brixton,701 2nd St,San Francisco,CA,94107,[],722511,2020-03-15T00:00:00-07:00,2020-03-22T00:00:00-07:00,30,25,"[6,2,7,3,3,6,3]","[0,0,0,0,0,0,0,0,1,0,2,0,0,0,1,0,0,0,1,0,0,1,0,0,0,0,0,0,0,0,0,0,0,1,0,0,0,0,0,0,0,0,0,0,1,0,0,0,0,0,0,0,0,0,0,1,0,0,1,1,0,1,0,0,0,2,0,1,0,0,0,0,0,0,0,0,0,0,0,0,1,0,0,1,0,0,0,0,0,0,0,0,0,1,0,0,0,0,0,0,0,0,0,0,1,0,0,1,0,0,0,0,0,0,0,1,0,0,0,0,0,0,0,0,0,0,0,0,0,1,0,1,0,0,0,1,1,1,0,0,1,0,0,0,0,0,0,0,1,0,0,0,0,0,0,0,0,0,1,0,0,0,0,0,0,0,0,1]",{},"{""US"":18}",17914,23.5,"{""<5"":4,""5-20"":11,""21-60"":4,""61-240"":6,"">240"":5}","{""The Bay Club"":33,""Chipotle Mexican Grill"":33,""Quick Lane"":17,""Long John Silver's"":17}","{""Safeway"":15,""Safeway Pharmacy"":12,""Burger King"":10,""Costco Wholesale Corp."":10,""Target"":8,""Starbucks"":8,""FoodMaxx Supermarkets"":8,""Chevron"":7,""Taco Bell"":6,""CVS"":5}","{""android"":10,""ios"":15}",US
sg:f98a3c59e9d04a7dae01ee6bfce986c5,The Church of Jesus Christ of Latter day Saints,1601 22nd Ave,San Francisco,CA,94122,[],813110,2020-03-15T00:00:00-07:00,2020-03-22T00:00:00-07:00,16,10,"[2,1,1,0,3,3,6]","[0,0,0,0,0,0,0,0,0,0,0,0,1,0,0,0,0,1,0,0,0,0,0,0,0,0,0,0,0,0,0,0,0,0,0,0,1,0,0,0,0,0,0,0,0,0,0,0,0,0,0,0,0,0,0,0,0,0,0,0,0,0,1,0,0,0,0,0,0,0,0,0,0,0,0,0,0,0,0,0,0,0,0,0,0,0,0,0,0,0,0,0,0,0,0,0,0,0,0,0,0,0,0,0,0,0,0,0,0,0,0,0,0,0,0,2,1,0,0,0,0,0,0,0,0,0,0,0,0,1,0,0,0,0,1,0,0,0,0,1,0,0,0,0,0,0,1,0,0,0,0,1,0,0,0,0,0,0,0,0,0,2,0,1,1,0,0,0]",{},"{""US"":5}",3116,151.5,"{""<5"":0,""5-20"":5,""21-60"":1,""61-240"":3,"">240"":7}",{},"{""Safeway"":29,""Smart & Final"":20,""Pet Food Express"":10,""Sleep Number"":10,""Lucky Supermarkets"":10,""Pacific Sales"":10,""Grocery Outlet"":10,""Sprouts Farmers Market"":10,""ARCO"":10,""Goodwill Industries"":9,""United States Postal Service (USPS)"":9,""7-Eleven"":9,""Chevron"":9,""Costco Wholesale Corp."":8,""Dollar Tree"":7,""The Home Depot"":7}","{""android"":0,""ios"":8}",US
sg:01afcabed486451cbabb7caa479c71b6,Boehle William DDS,801 Portola Dr,San Francisco,CA,94127,[],621210,2020-03-15T00:00:00-07:00,2020-03-22T00:00:00-07:00,2,2,"[1,1,0,0,0,0,0]","[0,0,0,0,0,0,0,0,0,1,0,0,0,0,0,0,0,0,0,0,0,0,0,0,0,0,0,0,0,0,0,0,0,0,0,0,0,0,0,1,0,0,0,0,0,0,0,0,0,0,0,0,0,0,0,0,0,0,0,0,0,0,0,0,0,0,0,0,0,0,0,0,0,0,0,0,0,0,0,0,0,0,0,0,0,0,0,0,0,0,0,0,0,0,0,0,0,0,0,0,0,0,0,0,0,0,0,0,0,0,0,0,0,0,0,0,0,0,0,0,0,0,0,0,0,0,0,0,0,0,0,0,0,0,0,0,0,0,0,0,0,0,0,0,0,0,0,0,0,0,0,0,0,0,0,0,0,0,0,0,0,0,0,0,0,0,0,0]",{},{},null,47.5,"{""<5"":1,""5-20"":0,""21-60"":0,""61-240"":1,"">240"":0}",{},{},"{""android"":0,""ios"":0}",US
sg:3c2835ff9d574822a327e162e61af1f3,Holocaust Memorial,Lincoln Park 34th Ave,San Francisco,CA,94121,[],712120,2020-03-15T00:00:00-07:00,2020-03-22T00:00:00-07:00,16,14,"[6,0,3,5,1,0,1]","[0,0,0,0,0,0,0,0,0,1,0,4,1,0,0,0,0,0,0,0,0,0,0,0,0,0,0,0,0,0,0,0,0,0,0,0,0,0,0,0,0,0,0,0,0,0,0,0,0,0,0,0,0,0,0,0,0,0,0,0,0,0,0,3,0,0,0,0,0,0,0,0,0,0,0,0,0,0,0,0,0,0,0,0,0,1,0,1,0,1,1,0,1,0,0,0,0,0,0,0,0,0,0,0,0,0,0,0,0,0,0,0,1,0,0,0,0,0,0,0,0,0,0,0,0,0,0,0,0,0,0,0,0,0,0,0,0,0,0,0,0,0,0,0,0,0,0,0,0,0,0,0,0,0,0,0,0,0,0,0,0,1,0,0,0,0,0,0]",{},"{""US"":13}",30023,19,"{""<5"":1,""5-20"":7,""21-60"":4,""61-240"":3,"">240"":1}",{},"{""In-N-Out Burger"":21,""BJ's Wholesale Club"":21,""Costco Wholesale Corp."":19,""Starbucks"":18,""McDonald's"":15,""Atrium Health"":14,""24 Hour Fitness"":14,""Grocery Outlet"":14,""Taco Bell"":12,""Subway"":12,""Cin√©polis"":7,""Loop Neighborhood Market"":7,""Quickly"":7,""Shari's"":7,""Green Burrito"":7,""Hickory Farms"":7,""Crunch"":7,""Pet Supermarket"":7,""Jamba"":7,""Edible Arrangements"":7}","{""android"":10,""ios"":0}",US
sg:40762a57197e4950a9d302e068bed255,Grattan After School Program,165 Grattan St,San Francisco,CA,94117,[],624410,2020-03-15T00:00:00-07:00,2020-03-22T00:00:00-07:00,1,1,"[1,0,0,0,0,0,0]","[0,0,0,0,0,0,0,0,0,0,1,0,0,0,0,0,0,0,0,0,0,0,0,0,0,0,0,0,0,0,0,0,0,0,0,0,0,0,0,0,0,0,0,0,0,0,0,0,0,0,0,0,0,0,0,0,0,0,0,0,0,0,0,0,0,0,0,0,0,0,0,0,0,0,0,0,0,0,0,0,0,0,0,0,0,0,0,0,0,0,0,0,0,0,0,0,0,0,0,0,0,0,0,0,0,0,0,0,0,0,0,0,0,0,0,0,0,0,0,0,0,0,0,0,0,0,0,0,0,0,0,0,0,0,0,0,0,0,0,0,0,0,0,0,0,0,0,0,0,0,0,0,0,0,0,0,0,0,0,0,0,0,0,0,0,0,0,0]",{},null,null,19,"{""<5"":0,""5-20"":1,""21-60"":0,""61-240"":0,"">240"":0}",{},{},"{""android"":0,""ios"":0}",US
sg:488cca84888c4814b0bd2c92ef665ba7,LEMONADE LA,16 West Portal Ave,San Francisco,CA,94127,"[""LEMONADE LA""]",722513,2020-03-15T00:00:00-07:00,2020-03-22T00:00:00-07:00,10,8,"[4,2,0,3,1,0,0]","[0,0,0,0,0,0,0,1,0,0,0,0,0,1,0,0,0,1,1,0,0,0,0,0,0,0,0,0,0,0,0,1,1,0,0,0,0,0,0,0,0,0,0,0,0,0,0,0,0,0,0,0,0,0,0,0,0,0,0,0,0,0,0,0,0,0,0,0,0,0,0,0,0,0,0,0,0,0,0,0,0,0,0,0,0,1,1,0,0,0,0,0,1,0,0,0,0,0,0,0,0,0,0,0,0,0,0,0,0,0,0,0,0,0,0,0,1,0,0,0,0,0,0,0,0,0,0,0,0,0,0,0,0,0,0,0,0,0,0,0,0,0,0,0,0,0,0,0,0,0,0,0,0,0,0,0,0,0,0,0,0,0,0,0,0,0,0,0]",{},"{""US"":6}",4364,22,"{""<5"":0,""5-20"":4,""21-60"":4,""61-240"":2,"">240"":0}",{},"{""Safeway Pharmacy"":25,""Crossroads"":12,""The North Face"":12,""Mountain Mike's Pizza"":12,""Peet's Coffee and Tea"":12,""24 Hour Fitness"":12,""Krispy Krunchy Chicken"":12,""76"":12,""Safeway"":12,""7-Eleven"":11,""Subway"":10,""Shell Oil"":9,""Walgreens"":9,""Target"":9,""Starbucks"":9,""McDonald's"":6}","{""android"":0,""ios"":5}",US
sg:4c6540947a4948d8911676c99f08e52c,San Francisco Insight Meditation Community,1187 Franklin St First Unitarian Universalist Chur,San Francisco,CA,94109,[],713940,2020-03-15T00:00:00-07:00,2020-03-22T00:00:00-07:00,24,18,"[4,5,3,3,1,3,5]","[1,0,0,0,0,0,0,0,0,1,1,0,0,0,0,0,0,0,0,1,0,0,0,0,0,0,0,0,0,2,0,0,0,0,0,0,1,0,0,1,0,1,0,0,0,0,0,0,0,0,0,0,1,0,1,0,0,0,0,0,0,0,0,0,0,0,0,1,0,0,0,0,0,1,0,0,0,0,0,1,0,0,0,0,0,0,0,1,0,0,0,0,0,0,0,0,0,0,0,0,0,0,0,0,0,0,0,0,0,0,0,0,0,0,0,1,0,0,0,0,0,0,0,0,0,1,0,1,0,0,0,0,0,0,0,1,0,0,0,0,0,0,0,0,0,0,0,0,0,0,2,0,0,0,0,0,0,0,0,1,0,0,1,1,0,0,0,0]",{},"{""US"":10}",7511,67.5,"{""<5"":0,""5-20"":9,""21-60"":2,""61-240"":10,"">240"":3}","{""Fresenius Kidney Care"":33,""Target"":32}","{""Walgreens"":8,""Target"":7,""Design Hotels"":6,""Crossroads"":6,""Philz Coffee"":6,""Sutter Health"":6,""Chevron Extra Mile"":6,""Marriott Hotels"":5,""FedEx"":5,""The Vitamin Shoppe"":5,""Red Roof Inn"":5,""Hilton Garden Inn"":5,""24 Hour Fitness"":5,""Fresenius Kidney Care"":5,""Restaurant Depot"":5,""Kaiser Permanente"":5,""Smart & Final"":5,""ARCO"":5,""Panera Bread"":5}","{""android"":6,""ios"":12}",US
sg:5055ebbd4d9c4e6ea7518cba2b963b32,Bonnist Carine Nd,1700 California St,San Francisco,CA,94109,[],null,2020-03-15T00:00:00-07:00,2020-03-22T00:00:00-07:00,9,3,"[3,2,1,0,1,1,1]","[0,0,0,0,0,0,0,0,1,0,1,0,1,0,0,0,0,0,0,0,0,0,0,0,0,0,0,0,0,0,0,0,0,0,1,0,0,0,0,0,0,1,0,0,0,0,0,0,0,0,0,0,0,0,0,0,0,0,1,0,0,0,0,0,0,0,0,0,0,0,0,0,0,0,0,0,0,0,0,0,0,0,0,0,0,0,0,0,0,0,0,0,0,0,0,0,0,0,0,0,0,0,0,0,0,0,1,0,0,0,0,0,0,0,0,0,0,0,0,0,0,0,0,0,0,0,0,0,0,0,0,0,0,1,0,0,0,0,0,0,0,0,0,0,0,0,0,0,0,0,0,0,0,0,1,0,0,0,0,0,0,0,0,0,0,0,0,0]",{},{},null,353,"{""<5"":0,""5-20"":0,""21-60"":0,""61-240"":2,"">240"":7}",{},{},"{""android"":0,""ios"":0}",US
sg:50e6629fd2be41c998da0fe6a43dde83,Battery Chamberlin,North End of Baker Beach Parking Lot,San Francisco,CA,94101,[],712120,2020-03-15T00:00:00-07:00,2020-03-22T00:00:00-07:00,2,2,"[0,1,0,0,0,0,1]","[0,0,0,0,0,0,0,0,0,0,0,0,0,0,0,0,0,0,0,0,0,0,0,0,0,0,0,0,0,0,0,0,0,0,0,0,0,1,0,0,0,0,0,0,0,0,0,0,0,0,0,0,0,0,0,0,0,0,0,0,0,0,0,0,0,0,0,0,0,0,0,0,0,0,0,0,0,0,0,0,0,0,0,0,0,0,0,0,0,0,0,0,0,0,0,0,0,0,0,0,0,0,0,0,0,0,0,0,0,0,0,0,0,0,0,0,0,0,0,0,0,0,0,0,0,0,0,0,0,0,0,0,0,0,0,0,0,0,0,0,0,0,0,0,0,0,0,0,0,0,0,0,0,0,0,0,0,0,1,0,0,0,0,0,0,0,0,0]",{},{},null,16.5,"{""<5"":0,""5-20"":1,""21-60"":1,""61-240"":0,"">240"":0}",{},{},"{""android"":0,""ios"":0}",US
sg:51971fbe484b40948e08e8f3963d5c2e,Richmond Republic Draught House,642 Clement St,San Francisco,CA,94118,[],722511,2020-03-15T00:00:00-07:00,2020-03-22T00:00:00-07:00,16,16,"[4,3,2,2,5,0,0]","[0,0,0,0,0,0,0,0,0,0,0,2,0,0,1,0,0,0,0,1,0,0,0,0,0,0,0,0,0,0,0,0,0,0,1,0,1,0,0,0,0,0,0,1,0,0,0,0,0,0,0,0,0,0,0,0,0,0,0,0,2,0,0,0,0,0,0,0,0,0,0,0,0,0,0,0,0,0,0,0,0,0,0,0,1,0,0,1,0,0,0,0,0,0,0,0,0,0,0,0,0,0,0,0,0,0,0,0,3,0,0,0,0,2,0,0,0,0,0,0,0,0,0,0,0,0,0,0,0,0,0,0,0,0,0,0,0,0,0,0,0,0,0,0,0,0,0,0,0,0,0,0,0,0,0,0,0,0,0,0,0,0,0,0,0,0,0,0]",{},"{""US"":16}",5643,13,"{""<5"":1,""5-20"":10,""21-60"":2,""61-240"":2,"">240"":1}","{""Ross Stores"":100,""Crossroads"":25,""Starbucks"":18}","{""Safeway"":31,""Starbucks"":27,""Grocery Outlet"":12,""Ross Stores"":12,""Domino's Pizza"":12,""Subway"":10,""LEMONADE LA"":6,""Crossroads"":6,""Philz Coffee"":6,""Quickly"":6,""The North Face"":6,""Tutti Frutti"":6,""Mountain Mike's Pizza"":6,""PJ's Coffee"":6,""Peet's Coffee and Tea"":6,""Smart & Final"":6,""Krispy Krunchy Chicken"":6,""Sprouts Farmers Market"":6,""Best Western"":6,""76"":6}","{""android"":8,""ios"":8}",US
sg:53373116906a418d8105338783e2b475,Ti Piacera,1507 Polk St,San Francisco,CA,94109,[],null,2020-03-15T00:00:00-07:00,2020-03-22T00:00:00-07:00,1,1,"[0,1,0,0,0,0,0]","[0,0,0,0,0,0,0,0,0,0,0,0,0,0,0,0,0,0,0,0,0,0,0,0,0,0,0,0,0,0,0,0,0,0,0,0,0,0,1,0,0,0,0,0,0,0,0,0,0,0,0,0,0,0,0,0,0,0,0,0,0,0,0,0,0,0,0,0,0,0,0,0,0,0,0,0,0,0,0,0,0,0,0,0,0,0,0,0,0,0,0,0,0,0,0,0,0,0,0,0,0,0,0,0,0,0,0,0,0,0,0,0,0,0,0,0,0,0,0,0,0,0,0,0,0,0,0,0,0,0,0,0,0,0,0,0,0,0,0,0,0,0,0,0,0,0,0,0,0,0,0,0,0,0,0,0,0,0,0,0,0,0,0,0,0,0,0,0]",{},{},null,61,"{""<5"":0,""5-20"":0,""21-60"":0,""61-240"":1,"">240"":0}",{},{},"{""android"":0,""ios"":0}",US
sg:5973c00e9866453b8e3c207a56e413d5,United States Postal Service (USPS),180 Napoleon St,San Francisco,CA,94124,"[""United States Postal Service (USPS)""]",491110,2020-03-15T00:00:00-07:00,2020-03-22T00:00:00-07:00,133,44,"[5,33,24,17,22,19,13]","[1,1,0,0,0,0,0,1,0,0,0,0,0,1,0,0,0,0,0,0,0,0,0,1,0,0,0,0,0,2,0,8,2,1,0,0,0,4,1,6,2,0,2,3,1,0,0,1,0,0,0,0,1,1,0,9,0,0,0,0,1,0,0,3,1,3,2,2,0,0,0,1,0,0,0,0,0,0,1,8,0,0,0,0,0,1,0,2,1,2,1,0,0,0,0,1,0,0,0,0,0,1,0,9,2,0,0,0,0,0,0,4,0,2,3,0,0,0,0,1,0,0,0,0,0,2,0,5,1,0,0,0,2,3,0,1,1,2,1,1,0,0,0,0,0,0,1,0,0,0,0,6,0,0,0,1,0,0,0,1,0,1,2,0,0,0,0,1]",{},"{""US"":43}",9104,39,"{""<5"":4,""5-20"":35,""21-60"":38,""61-240"":43,"">240"":13}","{""Restaurant Depot"":35}","{""Restaurant Depot"":32,""Costco Wholesale Corp."":30,""Safeway"":13,""Goodwill Industries"":13,""Chevron"":12,""Starbucks"":12,""Peet's Coffee and Tea"":9,""The Home Depot"":9,""Safeway Pharmacy"":7,""Jack in the Box"":6,""Target"":5}","{""android"":16,""ios"":28}",US
sg:646a1cea7f65419ebd4eda5bd19f21c1,The Imaginerium,211 Masonic Ave,San Francisco,CA,94118,[],621330,2020-03-15T00:00:00-07:00,2020-03-22T00:00:00-07:00,8,6,"[3,0,0,1,1,3,0]","[0,0,0,0,0,0,0,0,0,0,0,0,0,0,0,0,1,2,0,0,0,0,0,0,0,0,0,0,0,0,0,0,0,0,0,0,0,0,0,0,0,0,0,0,0,0,0,0,0,0,0,0,0,0,0,0,0,0,0,0,0,0,0,0,0,0,0,0,0,0,0,0,0,0,0,0,0,0,0,0,0,0,0,0,0,0,0,0,0,1,0,0,0,0,0,0,0,0,0,0,0,0,0,0,0,1,0,0,0,0,0,0,0,0,0,0,0,0,0,0,0,0,0,0,0,0,1,0,1,0,0,0,0,1,0,0,0,0,0,0,0,0,0,0,0,0,0,0,0,0,0,0,0,0,0,0,0,0,0,0,0,0,0,0,0,0,0,0]",{},{},null,30.5,"{""<5"":0,""5-20"":4,""21-60"":2,""61-240"":2,"">240"":0}",{},"{""Safeway"":33,""Target"":30,""Big 10 Tires"":17,""Value Pawn and Jewelry"":17,""Ramada"":17,""F45 Training"":17,""U-Haul"":17,""Bass Pro Shops"":17,""Grocery Outlet"":17,""Checkers Drive-In Restaurants"":17,""The Salvation Army"":17,""ARCO"":16,""Jack in the Box"":16,""Popeyes Louisiana Kitchen"":16,""Chevron"":15,""Burger King"":15,""Wendy's"":15,""Taco Bell"":15,""Costco Wholesale Corp."":14,""Subway"":14}","{""android"":0,""ios"":0}",US
sg:6e6f39f1d0aa4abda5a6ddf4bae4e8a0,Bay Jiu Jitsu,2001 Van Ness Ave Ste C,San Francisco,CA,94109,[],713940,2020-03-15T00:00:00-07:00,2020-03-22T00:00:00-07:00,20,10,"[2,3,5,2,6,1,1]","[0,0,0,0,0,0,0,0,1,1,0,0,0,0,0,0,0,0,0,0,0,0,0,0,0,0,0,0,0,0,0,0,0,0,1,0,1,0,0,0,0,0,1,0,0,0,0,0,0,0,0,0,0,0,0,0,0,0,1,0,2,1,0,0,1,0,0,0,0,0,0,0,1,0,0,0,0,0,0,0,0,0,0,0,0,0,0,1,0,0,0,0,0,0,0,0,0,0,0,0,0,1,0,0,0,1,1,0,1,0,0,1,0,1,0,0,0,0,0,0,0,0,0,0,0,0,0,1,0,0,0,0,0,0,0,0,0,0,0,0,0,0,0,0,0,0,0,0,0,0,0,0,0,0,0,1,0,0,0,0,0,0,0,0,0,0,0,0]",{},"{""US"":6}",7072,98,"{""<5"":0,""5-20"":2,""21-60"":5,""61-240"":8,"">240"":5}",{},"{""Subway"":47,""Starbucks"":16,""Blue Bottle Coffee"":10,""DAISO"":10,""Jaguar"":10,""Land Rover"":10,""Ben & Jerry's"":10,""Jiffy Lube"":10,""Peet's Coffee and Tea"":10,""Smashburger"":10,""Americas Best Value Inn"":10,""Crunch"":10,""Pure Barre"":10,""Smart & Final"":10,""Safeway Pharmacy"":10,""Wingstop"":10,""Safeway"":9,""Costco Wholesale Corp."":8,""Walgreens"":7}","{""android"":0,""ios"":7}",US
sg:af6fbc13e4ee4449a0802a9fd5ed0988,Starbucks,1401 Van Ness Ave,San Francisco,CA,94109,"[""Starbucks""]",722515,2020-03-15T00:00:00-07:00,2020-03-22T00:00:00-07:00,6,6,"[0,1,2,1,1,1,0]","[0,0,0,0,0,0,0,0,0,0,0,0,0,0,0,0,0,0,0,0,0,0,0,0,0,0,0,0,0,0,0,0,0,0,0,0,0,0,1,0,0,0,0,0,0,0,0,0,0,0,0,0,0,1,0,1,0,0,0,0,0,0,0,0,0,0,0,0,0,0,0,0,0,0,0,0,0,0,0,0,0,0,0,0,0,1,0,0,0,0,0,0,0,0,0,0,0,0,0,0,0,0,0,0,0,0,0,0,0,0,0,0,0,0,0,0,0,0,1,0,0,0,0,0,0,0,0,1,0,0,0,0,0,0,0,0,0,0,0,0,0,0,0,0,0,0,0,0,0,0,0,0,0,0,0,0,0,0,0,0,0,0,0,0,0,0,0,0]",{},{},null,12.5,"{""<5"":0,""5-20"":6,""21-60"":0,""61-240"":0,"">240"":0}",{},"{""Costco Wholesale Corp."":31,""Sutter Health"":17,""Rubio's Restaurants"":17,""Peet's Coffee and Tea"":17,""Yogurtland"":17,""Savers Thrift Stores"":17,""WinCo Foods"":16,""Safeway"":16}","{""android"":0,""ios"":5}",US
sg:bce3010521bc4527bed770a05ef6a0a7,Katachi,1737 Post St Ste 326,San Francisco,CA,94115,[],451110,2020-03-15T00:00:00-07:00,2020-03-22T00:00:00-07:00,15,12,"[1,4,2,2,3,1,2]","[0,0,0,0,0,0,0,0,0,0,0,0,0,0,0,0,0,1,0,0,0,0,0,0,0,0,0,0,0,0,0,0,0,0,0,0,1,0,0,0,0,2,0,1,0,0,0,0,0,0,0,0,0,0,1,0,0,0,0,0,0,0,1,0,0,0,0,0,0,0,0,0,0,0,0,0,0,0,0,0,0,1,0,0,0,0,0,0,0,0,0,0,0,1,0,0,0,0,0,0,0,0,0,0,0,0,1,0,1,0,1,0,0,0,0,0,0,0,0,0,0,0,0,0,0,0,0,0,0,0,1,0,0,0,0,0,0,0,0,0,0,0,0,0,0,0,0,0,0,0,0,0,0,0,0,0,0,0,0,0,0,2,0,0,0,0,0,0]",{},"{""US"":9}",6826,48,"{""<5"":1,""5-20"":5,""21-60"":3,""61-240"":3,"">240"":3}","{""Walgreens"":32}","{""West Elm"":8,""Baja Fresh"":8,""L&L Hawaiian Barbecue"":8,""Champs Sports"":8,""Bank of America"":8,""YMCA"":8,""In-N-Out Burger"":8,""Baskin Robbins"":8,""Safeway"":8,""Costco Wholesale Corp."":6,""Subway"":6}","{""android"":5,""ios"":7}",US
sg:beb3a51baef840adb7c7e646ea30743d,250 Brannan Garage,41 Federal St,San Francisco,CA,94107,[],812930,2020-03-15T00:00:00-07:00,2020-03-22T00:00:00-07:00,7,1,"[0,2,3,0,0,1,1]","[0,0,0,0,0,0,0,0,0,0,0,0,0,0,0,0,0,0,0,0,0,0,0,0,0,0,0,0,0,0,0,0,0,0,0,0,1,0,0,0,0,1,0,0,0,0,0,0,0,0,0,0,0,0,0,1,0,0,0,0,0,0,0,1,0,1,0,0,0,0,0,0,0,0,0,0,0,0,0,0,0,0,0,0,0,0,0,0,0,0,0,0,0,0,0,0,0,0,0,0,0,0,0,0,0,0,0,0,0,0,0,0,0,0,0,0,0,0,0,0,0,0,0,0,0,0,0,0,0,0,0,0,0,0,0,0,0,0,0,0,1,0,0,0,0,0,0,0,0,0,0,0,0,0,0,0,0,0,0,0,0,0,0,1,0,0,0,0]",{},{},null,179,"{""<5"":0,""5-20"":0,""21-60"":1,""61-240"":5,"">240"":1}",{},{},"{""android"":0,""ios"":0}",US
sg:d1f54d7624d6439d910209cd6afc760f,House of Shields,39 New Montgomery St,San Francisco,CA,94105,[],722511,2020-03-15T00:00:00-07:00,2020-03-22T00:00:00-07:00,2,2,"[1,0,0,0,0,1,0]","[0,0,0,0,0,0,0,0,0,0,0,0,0,0,0,0,0,0,0,0,0,1,0,0,0,0,0,0,0,0,0,0,0,0,0,0,0,0,0,0,0,0,0,0,0,0,0,0,0,0,0,0,0,0,0,0,0,0,0,0,0,0,0,0,0,0,0,0,0,0,0,0,0,0,0,0,0,0,0,0,0,0,0,0,0,0,0,0,0,0,0,0,0,0,0,0,0,0,0,0,0,0,0,0,0,0,0,0,0,0,0,0,0,0,0,0,0,0,0,0,0,0,0,0,0,0,1,0,0,0,0,0,0,0,0,0,0,0,0,0,0,0,0,0,0,0,0,0,0,0,0,0,0,0,0,0,0,0,0,0,0,0,0,0,0,0,0,0]",{},{},null,346,"{""<5"":1,""5-20"":0,""21-60"":0,""61-240"":0,"">240"":1}",{},{},"{""android"":0,""ios"":0}",US
sg:ea963661a3ad482f86fd0cac70cfec52,James Rolph Junior Playground,1499 Hampshire St,San Francisco,CA,94110,[],712190,2020-03-15T00:00:00-07:00,2020-03-22T00:00:00-07:00,7,6,"[2,1,0,1,3,0,0]","[0,0,0,0,0,0,0,0,0,0,0,0,0,0,0,0,0,1,0,0,0,0,0,1,0,0,0,0,0,0,0,0,0,0,0,0,0,0,0,1,0,0,0,0,0,0,0,0,0,0,0,0,0,0,0,0,0,0,0,0,0,0,0,0,0,0,0,0,0,0,0,0,0,0,0,0,0,0,0,0,0,0,0,0,0,0,0,0,0,0,1,0,0,0,0,0,0,0,0,0,0,0,0,0,0,0,0,0,0,0,0,0,1,0,0,0,1,1,0,0,0,0,0,0,0,0,0,0,0,0,0,0,0,0,0,0,0,0,0,0,0,0,0,0,0,0,0,0,0,0,0,0,0,0,0,0,0,0,0,0,0,0,0,0,0,0,0,0]",{},{},null,37,"{""<5"":0,""5-20"":2,""21-60"":3,""61-240"":2,"">240"":0}",{},"{""Denny's"":33,""Safeway"":33,""Speedway"":32,""7-Eleven"":32,""Starbucks"":30,""New Leaf Community Markets"":17,""InterContintinental Hotels & Resorts"":17,""Island Pacific Seafood Market"":17,""Fosters Freeze"":17,""Unleashed by Petco"":17,""Kelly-Moore Paints"":17,""DAISO"":17,""Chevron Extra Mile"":17,""U-Haul"":17,""Extended Stay America"":17,""Grocery Outlet"":17,""Krispy Kreme Doughnuts"":17,""Krispy Krunchy Chicken"":16,""Safeway Pharmacy"":16,""Sprouts Farmers Market"":16}","{""android"":5,""ios"":0}",US
sg:fd6059faa8af4bdbb9294a30014d8848,Marino Vista Park,Marino Vista Park,San Francisco,CA,94030,[],712190,2020-03-15T00:00:00-07:00,2020-03-22T00:00:00-07:00,19,10,"[5,1,4,3,1,3,2]","[0,0,1,0,0,0,0,0,0,0,0,1,0,0,0,0,0,1,0,0,1,0,1,0,0,0,0,0,0,0,0,0,0,0,0,0,0,0,0,0,0,0,0,0,1,0,0,0,0,0,0,0,0,0,0,0,1,0,0,0,0,1,0,0,1,1,0,0,0,0,0,0,0,0,0,0,0,0,0,0,1,0,0,0,0,0,1,0,0,1,0,0,0,0,0,0,0,0,0,0,0,0,0,0,0,0,0,0,0,0,0,0,0,0,0,0,1,0,0,0,0,0,0,0,0,0,0,0,0,0,0,0,0,0,1,0,0,1,0,0,0,0,0,1,0,0,0,0,0,0,0,0,0,0,0,0,0,0,0,0,0,1,0,0,1,0,0,0]",{},"{""US"":8}",9746,162,"{""<5"":0,""5-20"":5,""21-60"":4,""61-240"":2,"">240"":8}","{""Costco Wholesale Corp."":99,""Jo-Ann Fabric and Craft Stores"":33}","{""Safeway"":29,""Costco Wholesale Corp."":18,""Travelodge"":10,""Wingstop"":10,""Jo-Ann Fabric and Craft Stores"":10,""76"":10,""ARCO"":10,""Jack in the Box"":9,""Rite Aid"":9,""United States Postal Service (USPS)"":9,""7-Eleven"":9,""Chevron"":9,""The Home Depot"":7,""Walgreens"":7,""Target"":6,""Starbucks"":6}","{""android"":6,""ios"":0}",US
sg:0e74566192b848e5aeffa5b53a9fc0ce,Poesia,4072 18th St,San Francisco,CA,94114,[],722511,2020-03-15T00:00:00-07:00,2020-03-22T00:00:00-07:00,1,1,"[0,0,0,0,0,1,0]","[0,0,0,0,0,0,0,0,0,0,0,0,0,0,0,0,0,0,0,0,0,0,0,0,0,0,0,0,0,0,0,0,0,0,0,0,0,0,0,0,0,0,0,0,0,0,0,0,0,0,0,0,0,0,0,0,0,0,0,0,0,0,0,0,0,0,0,0,0,0,0,0,0,0,0,0,0,0,0,0,0,0,0,0,0,0,0,0,0,0,0,0,0,0,0,0,0,0,0,0,0,0,0,0,0,0,0,0,0,0,0,0,0,0,0,0,0,0,0,0,0,0,0,0,0,0,0,0,0,0,0,0,1,0,0,0,0,0,0,0,0,0,0,0,0,0,0,0,0,0,0,0,0,0,0,0,0,0,0,0,0,0,0,0,0,0,0,0]",{},{},null,8,"{""<5"":0,""5-20"":1,""21-60"":0,""61-240"":0,"">240"":0}",{},{},"{""android"":0,""ios"":0}",US
sg:10460449c45642bb9b3301cea50575ce,Lombard Motor Inn,1475 Lombard St,San Francisco,CA,94123,[],721110,2020-03-15T00:00:00-07:00,2020-03-22T00:00:00-07:00,10,7,"[0,5,2,2,0,1,0]","[0,0,0,0,0,0,0,0,0,0,0,0,0,0,0,0,0,0,0,0,0,0,0,0,0,0,0,0,0,0,0,0,0,0,1,0,1,0,1,1,0,1,0,0,0,0,0,0,0,0,0,0,0,0,0,0,0,1,0,0,0,0,0,0,0,0,1,0,0,0,0,0,0,0,0,0,0,0,0,0,0,0,0,0,0,1,0,0,0,1,0,0,0,0,0,0,0,0,0,0,0,0,0,0,0,0,0,0,0,0,0,0,0,0,0,0,0,0,0,0,0,0,0,0,0,0,0,0,0,0,1,0,0,0,0,0,0,0,0,0,0,0,0,0,0,0,0,0,0,0,0,0,0,0,0,0,0,0,0,0,0,0,0,0,0,0,0,0]",{},"{""US"":5}",10666,107,"{""<5"":1,""5-20"":0,""21-60"":1,""61-240"":5,"">240"":3}",{},"{""Renaissance Hotels"":14,""Big O Tires"":14,""Rodeway Inn"":14,""Grocery Outlet"":14,""Motel 6"":14,""76"":14,""Shell Oil"":11}","{""android"":0,""ios"":6}",US
sg:1c1bcf263bbc4f5eabc70c37e14ced6c,Christopher's Books,1400 18th St,San Francisco,CA,94107,[],451211,2020-03-15T00:00:00-07:00,2020-03-22T00:00:00-07:00,3,3,"[0,1,0,0,2,0,0]","[0,0,0,0,0,0,0,0,0,0,0,0,0,0,0,0,0,0,0,0,0,0,0,0,0,0,0,0,0,0,1,0,0,0,0,0,0,0,0,0,0,0,0,0,0,0,0,0,0,0,0,0,0,0,0,0,0,0,0,0,0,0,0,0,0,0,0,0,0,0,0,0,0,0,0,0,0,0,0,0,0,0,0,0,0,0,0,0,0,0,0,0,0,0,0,0,0,0,0,0,0,0,0,0,0,1,0,0,0,0,0,0,0,1,0,0,0,0,0,0,0,0,0,0,0,0,0,0,0,0,0,0,0,0,0,0,0,0,0,0,0,0,0,0,0,0,0,0,0,0,0,0,0,0,0,0,0,0,0,0,0,0,0,0,0,0,0,0]",{},{},null,5,"{""<5"":1,""5-20"":2,""21-60"":0,""61-240"":0,"">240"":0}",{},{},"{""android"":0,""ios"":0}",US
sg:2097fd1d3d804d45982e177b2354ea15,Grant Place Restaurant,737 Washington St,San Francisco,CA,94108,[],722511,2020-03-15T00:00:00-07:00,2020-03-22T00:00:00-07:00,12,5,"[2,2,2,2,1,2,1]","[0,0,0,0,0,0,0,0,1,0,0,0,0,0,1,0,0,0,0,0,0,0,0,0,0,0,0,0,0,0,0,0,0,0,0,0,0,0,1,0,0,0,1,0,0,0,0,0,0,0,0,0,0,0,0,0,0,0,0,0,0,0,1,0,0,1,0,0,0,0,0,0,0,0,0,0,0,0,0,0,0,0,0,0,0,0,1,0,0,1,0,0,0,0,0,0,0,0,0,0,0,0,0,0,0,0,0,0,0,0,0,0,0,1,0,0,0,0,0,0,0,0,0,0,0,0,0,0,0,0,1,0,0,0,0,0,0,1,0,0,0,0,0,0,0,0,0,0,0,0,0,0,0,0,0,1,0,0,0,0,0,0,0,0,0,0,0,0]",{},{},null,134.5,"{""<5"":0,""5-20"":2,""21-60"":1,""61-240"":7,"">240"":2}",{},"{""Macy's"":40,""Costco Wholesale Corp."":38,""Pet Club Food and Supplies"":20,""FedEx"":20,""U-Haul"":20,""Safeway"":19,""Shell Oil"":17}","{""android"":0,""ios"":5}",US
sg:24f225980fe1476480f96ddab1e78418,La Fisheria,428 11th St,San Francisco,CA,94103,[],722515,2020-03-15T00:00:00-07:00,2020-03-22T00:00:00-07:00,35,30,"[4,13,12,1,1,2,2]","[0,0,0,0,0,0,0,0,1,0,0,1,0,1,0,0,0,1,0,0,0,0,0,0,0,0,0,0,0,0,0,1,1,1,1,1,2,1,3,0,1,1,0,0,0,0,0,0,0,0,0,0,0,0,0,1,1,3,0,1,3,0,0,1,0,0,0,1,0,0,1,0,0,0,0,0,0,0,0,0,0,0,0,0,0,0,0,1,0,0,0,0,0,0,0,0,0,0,0,0,0,0,0,0,1,0,0,0,0,0,0,0,0,0,0,0,0,0,0,0,0,0,0,0,0,0,0,0,0,0,1,0,0,0,1,0,0,0,0,0,0,0,0,0,0,0,0,0,0,0,0,0,0,0,0,0,0,0,0,0,0,0,0,1,0,0,1,0]",{},"{""US"":24}",8144,15,"{""<5"":2,""5-20"":19,""21-60"":9,""61-240"":3,"">240"":2}","{""Costco Wholesale Corp."":99,""Kelly-Moore Paints"":9,""BMW"":9,""Smart & Final"":8}","{""Costco Wholesale Corp."":51,""Starbucks"":16,""Safeway"":16,""Chevron"":15,""Best Buy"":10,""Philz Coffee"":7,""Peet's Coffee and Tea"":7,""Chevron Extra Mile"":7,""Macy's"":7,""Whole Foods Market"":6,""ARCO"":6,""Panda Express"":6,""Pilot Flying J"":6,""Valero Energy"":6}","{""android"":18,""ios"":12}",US
sg:43690712d2e5471991eb7b6120b95bb4,Dave's Food Store,1601 20th St,San Francisco,CA,94107,[],445110,2020-03-15T00:00:00-07:00,2020-03-22T00:00:00-07:00,8,7,"[1,1,3,1,1,0,1]","[0,0,0,0,0,0,0,0,0,0,0,0,0,0,0,0,0,1,0,0,0,0,0,0,0,0,0,0,0,0,0,0,0,0,0,0,0,0,0,0,0,1,0,0,0,0,0,0,0,0,0,0,0,0,0,0,0,0,1,1,0,0,0,0,0,0,0,1,0,0,0,0,0,0,0,0,0,0,0,0,0,0,0,0,0,0,0,0,0,0,0,0,0,1,0,0,0,0,0,0,0,0,0,0,0,0,0,0,0,0,0,0,0,0,0,0,1,0,0,0,0,0,0,0,0,0,0,0,0,0,0,0,0,0,0,0,0,0,0,0,0,0,0,0,0,0,0,0,0,0,0,0,0,0,0,0,0,0,0,1,0,0,0,0,0,0,0,0]",{},"{""US"":7}",880,11,"{""<5"":0,""5-20"":5,""21-60"":2,""61-240"":1,"">240"":0}",{},"{""DAISO"":14,""Peet's Coffee and Tea"":14,""Best Western"":14,""Sears Home Services"":14,""Raising Cane's"":14,""Best Buy"":14,""Safeway"":14,""Chevron"":13,""Dollar Tree"":12,""Shell Oil"":11,""McDonald's"":8}","{""android"":0,""ios"":0}",US
sg:43f22dcc1c4b4e1a84b696107a01a5db,Links Bar & Grill,3129 Clement St,San Francisco,CA,94121,[],722511,2020-03-15T00:00:00-07:00,2020-03-22T00:00:00-07:00,2,1,"[0,1,1,0,0,0,0]","[0,0,0,0,0,0,0,0,0,0,0,0,0,0,0,0,0,0,0,0,0,0,0,0,1,0,0,0,0,0,0,0,0,0,0,0,0,0,0,0,0,0,0,0,0,0,0,0,0,0,0,0,0,0,0,0,0,0,0,0,0,0,0,0,0,0,0,0,0,0,1,0,0,0,0,0,0,0,0,0,0,0,0,0,0,0,0,0,0,0,0,0,0,0,0,0,0,0,0,0,0,0,0,0,0,0,0,0,0,0,0,0,0,0,0,0,0,0,0,0,0,0,0,0,0,0,0,0,0,0,0,0,0,0,0,0,0,0,0,0,0,0,0,0,0,0,0,0,0,0,0,0,0,0,0,0,0,0,0,0,0,0,0,0,0,0,0,0]",{},null,null,491.5,"{""<5"":0,""5-20"":0,""21-60"":0,""61-240"":0,"">240"":2}",{},{},"{""android"":0,""ios"":0}",US
sg:4ce68c75ec344707a5b7c95f90b2909e,Union Tide Rising,250 Executive Park Blvd Ste 4600B,San Francisco,CA,94134,[],448120,2020-03-15T00:00:00-07:00,2020-03-22T00:00:00-07:00,4,3,"[0,3,0,1,0,0,0]","[0,0,0,0,0,0,0,0,0,0,0,0,0,0,0,0,0,0,0,0,0,0,0,0,0,0,0,0,0,0,0,0,0,1,0,0,0,1,0,0,0,1,0,0,0,0,0,0,0,0,0,0,0,0,0,0,0,0,0,0,0,0,0,0,0,0,0,0,0,0,0,0,0,0,0,0,0,0,0,0,0,0,0,0,1,0,0,0,0,0,0,0,0,0,0,0,0,0,0,0,0,0,0,0,0,0,0,0,0,0,0,0,0,0,0,0,0,0,0,0,0,0,0,0,0,0,0,0,0,0,0,0,0,0,0,0,0,0,0,0,0,0,0,0,0,0,0,0,0,0,0,0,0,0,0,0,0,0,0,0,0,0,0,0,0,0,0,0]",{},{},null,59,"{""<5"":1,""5-20"":0,""21-60"":1,""61-240"":2,"">240"":0}",{},{},"{""android"":0,""ios"":0}",US
sg:529cf55612794355b47fd0ba6e2cd35f,A C Auto Wreckers,220 Rankin St,San Francisco,CA,94124,[],488410,2020-03-15T00:00:00-07:00,2020-03-22T00:00:00-07:00,5,3,"[0,3,2,0,0,0,0]","[0,0,0,0,0,0,0,0,0,0,0,0,0,0,0,0,0,0,0,0,0,0,0,0,0,0,0,0,0,0,2,0,0,0,0,0,0,0,0,0,0,1,0,0,0,0,0,0,0,0,0,0,0,0,0,0,0,2,0,0,0,0,0,0,0,0,0,0,0,0,0,0,0,0,0,0,0,0,0,0,0,0,0,0,0,0,0,0,0,0,0,0,0,0,0,0,0,0,0,0,0,0,0,0,0,0,0,0,0,0,0,0,0,0,0,0,0,0,0,0,0,0,0,0,0,0,0,0,0,0,0,0,0,0,0,0,0,0,0,0,0,0,0,0,0,0,0,0,0,0,0,0,0,0,0,0,0,0,0,0,0,0,0,0,0,0,0,0]",{},{},null,166,"{""<5"":0,""5-20"":0,""21-60"":0,""61-240"":3,"">240"":2}",{},{},"{""android"":0,""ios"":0}",US
sg:6d22ed0e8dac483082670ef179143f37,Ross Stores,1545 Sloat Blvd,San Francisco,CA,94132,"[""Ross Stores""]",452210,2020-03-15T00:00:00-07:00,2020-03-22T00:00:00-07:00,55,43,"[21,12,8,4,4,4,2]","[0,0,0,0,0,0,0,0,0,1,2,1,2,2,2,0,5,2,1,2,1,0,0,0,0,0,0,0,0,0,0,0,1,1,0,2,3,1,0,2,1,0,0,0,1,0,0,0,0,0,0,0,0,0,0,1,0,1,0,0,0,0,0,0,1,2,2,1,0,0,0,0,0,0,0,0,0,0,0,0,1,0,0,0,0,0,2,0,0,0,1,0,0,0,0,0,0,0,0,0,0,0,0,0,0,0,0,1,1,0,0,0,0,0,1,0,1,0,0,0,0,0,0,0,0,0,0,0,2,0,0,0,0,0,0,0,0,1,0,1,0,0,0,0,0,0,0,0,0,0,0,0,0,0,0,0,0,0,0,0,0,1,0,1,0,0,0,0]","{""060750331003"":5}","{""US"":40}",1660,22,"{""<5"":2,""5-20"":24,""21-60"":19,""61-240"":8,"">240"":2}","{""Lucky Supermarkets"":12,""The Habit Burger Grill"":10,""Safeway Pharmacy"":10,""Wells Fargo"":10}","{""Safeway"":16,""Target"":15,""Costco Wholesale Corp."":14,""Lucky Supermarkets"":12,""Walgreens"":8,""Noah's New York Bagels"":7,""World Market"":7,""Big 5 Sporting Goods"":7,""In-N-Out Burger"":7,""Chevron"":6}","{""android"":22,""ios"":21}",US
sg:7362e773fa3e44a2b923b0a45ddf8b72,Camilo Riano Orthodontics,77 Van Ness Ave Ste 303 Camilo Riano Orthodontics,San Francisco,CA,94102,[],621210,2020-03-15T00:00:00-07:00,2020-03-22T00:00:00-07:00,5,3,"[0,2,0,0,2,1,0]","[0,0,0,0,0,0,0,0,0,0,0,0,0,0,0,0,0,0,0,0,0,0,0,0,0,0,0,0,0,0,0,0,0,0,0,1,0,0,0,0,0,1,0,0,0,0,0,0,0,0,0,0,0,0,0,0,0,0,0,0,0,0,0,0,0,0,0,0,0,0,0,0,0,0,0,0,0,0,0,0,0,0,0,0,0,0,0,0,0,0,0,0,0,0,0,0,0,0,0,0,0,0,0,1,0,0,0,0,0,0,0,0,0,1,0,0,0,0,0,0,0,0,0,0,0,0,0,0,0,0,0,0,0,0,1,0,0,0,0,0,0,0,0,0,0,0,0,0,0,0,0,0,0,0,0,0,0,0,0,0,0,0,0,0,0,0,0,0]",{},{},null,21,"{""<5"":0,""5-20"":2,""21-60"":1,""61-240"":1,"">240"":1}",{},{},"{""android"":0,""ios"":0}",US
sg:851c87c8c70a4887abc2803f06726f9f,Mission Recreation Center Boxing,2450 Harrison St,San Francisco,CA,94110,[],713940,2020-03-15T00:00:00-07:00,2020-03-22T00:00:00-07:00,21,12,"[3,7,2,3,0,4,2]","[0,0,0,0,0,0,0,0,1,0,0,0,0,0,1,0,0,1,0,0,0,0,0,0,0,0,0,0,0,0,0,0,0,0,0,0,0,0,2,0,2,1,0,1,0,1,0,0,0,0,0,0,0,0,0,0,0,0,0,0,1,0,0,1,0,0,0,0,0,0,0,0,0,0,0,0,0,0,0,0,0,0,0,0,0,1,0,1,0,1,0,0,0,0,0,0,0,0,0,0,0,0,0,0,0,0,0,0,0,0,0,0,0,0,0,0,0,0,0,0,0,0,0,0,0,0,0,1,0,1,0,0,0,0,0,0,1,0,1,0,0,0,0,0,0,0,0,0,0,0,0,1,0,0,0,0,0,0,0,0,0,0,0,0,1,0,0,0]",{},"{""US"":9}",2978,28,"{""<5"":0,""5-20"":5,""21-60"":10,""61-240"":4,"">240"":2}","{""Juice Shop"":25}","{""Grocery Outlet"":25,""Whole Foods Market"":16,""Costco Wholesale Corp."":14,""Walgreens"":13,""McDonald's"":10,""Juice Shop"":8,""Verve Coffee Roasters"":8,""Williams-Sonoma"":8,""Kelly-Moore Paints"":8,""BevMo"":8,""Skechers"":8,""A&W Restaurants"":8,""Total Wine & More"":8,""24 Hour Fitness"":8,""Smart & Final"":8,""Best Western"":8,""Denny's"":8,""Chipotle Mexican Grill"":8,""Ross Stores"":8,""Little Caesars"":8}","{""android"":7,""ios"":5}",US
sg:9d59fbcc5f2545548cfccb996a2575b3,Public Storage,2690 Geary Blvd,San Francisco,CA,94118,"[""Public Storage""]",531130,2020-03-15T00:00:00-07:00,2020-03-22T00:00:00-07:00,1,1,"[0,0,0,0,0,1,0]","[0,0,0,0,0,0,0,0,0,0,0,0,0,0,0,0,0,0,0,0,0,0,0,0,0,0,0,0,0,0,0,0,0,0,0,0,0,0,0,0,0,0,0,0,0,0,0,0,0,0,0,0,0,0,0,0,0,0,0,0,0,0,0,0,0,0,0,0,0,0,0,0,0,0,0,0,0,0,0,0,0,0,0,0,0,0,0,0,0,0,0,0,0,0,0,0,0,0,0,0,0,0,0,0,0,0,0,0,0,0,0,0,0,0,0,0,0,0,0,0,0,0,0,0,0,0,0,0,0,0,0,0,0,0,0,0,0,0,1,0,0,0,0,0,0,0,0,0,0,0,0,0,0,0,0,0,0,0,0,0,0,0,0,0,0,0,0,0]",{},null,null,634,"{""<5"":0,""5-20"":0,""21-60"":0,""61-240"":0,"">240"":1}",{},{},"{""android"":0,""ios"":0}",US
sg:a34b6500e68e4becb5582883fb73a8a9,Slate Bar,2925 16th St,San Francisco,CA,94103,[],451120,2020-03-15T00:00:00-07:00,2020-03-22T00:00:00-07:00,16,16,"[5,8,0,2,0,1,0]","[0,0,0,0,0,1,0,0,0,1,0,0,0,0,0,0,0,0,0,1,1,0,1,0,1,0,0,0,0,0,0,0,0,1,0,0,0,0,2,0,2,1,0,0,0,0,0,1,0,0,0,0,0,0,0,0,0,0,0,0,0,0,0,0,0,0,0,0,0,0,0,0,0,0,0,0,0,0,0,0,0,0,1,1,0,0,0,0,0,0,0,0,0,0,0,0,0,0,0,0,0,0,0,0,0,0,0,0,0,0,0,0,0,0,0,0,0,0,0,0,0,0,0,0,0,0,1,0,0,0,0,0,0,0,0,0,0,0,0,0,0,0,0,0,0,0,0,0,0,0,0,0,0,0,0,0,0,0,0,0,0,0,0,0,0,0,0,0]",{},"{""US"":11}",2805,24,"{""<5"":0,""5-20"":7,""21-60"":3,""61-240"":3,"">240"":3}",{},"{""Shell Oil"":22,""Smashburger"":19,""Peet's Coffee and Tea"":12,""24 Hour Fitness"":12,""76"":12,""Denny's"":12,""McDonald's"":12,""Chevron"":11,""Taco Bell"":11,""Target"":9,""Signature Inn"":6,""Loop Neighborhood Market"":6,""Supermercado Mi Tierra"":6,""Hillstone Restaurant Group"":6,""Fosters Freeze"":6,""L&W Supply"":6,""HD Supply"":6,""Foods Co."":6,""Quik Stop"":6,""DAISO"":6}","{""android"":11,""ios"":5}",US
sg:d188835030c5403f99d670c8c71ce227,Justin Ching DDS,490 Post St Ste 412,San Francisco,CA,94102,[],621210,2020-03-15T00:00:00-07:00,2020-03-22T00:00:00-07:00,1,1,"[1,0,0,0,0,0,0]","[0,0,0,0,0,0,0,0,0,0,0,0,0,0,0,0,0,1,0,0,0,0,0,0,0,0,0,0,0,0,0,0,0,0,0,0,0,0,0,0,0,0,0,0,0,0,0,0,0,0,0,0,0,0,0,0,0,0,0,0,0,0,0,0,0,0,0,0,0,0,0,0,0,0,0,0,0,0,0,0,0,0,0,0,0,0,0,0,0,0,0,0,0,0,0,0,0,0,0,0,0,0,0,0,0,0,0,0,0,0,0,0,0,0,0,0,0,0,0,0,0,0,0,0,0,0,0,0,0,0,0,0,0,0,0,0,0,0,0,0,0,0,0,0,0,0,0,0,0,0,0,0,0,0,0,0,0,0,0,0,0,0,0,0,0,0,0,0]",{},{},null,20,"{""<5"":0,""5-20"":1,""21-60"":0,""61-240"":0,"">240"":0}",{},{},"{""android"":0,""ios"":0}",US
sg:056fab9a71ae4e2589a5b17a01ba8312,Gabby,201 Harrison St,San Francisco,CA,94105,[],445310,2020-03-15T00:00:00-07:00,2020-03-22T00:00:00-07:00,46,42,"[10,17,6,6,2,3,2]","[0,0,0,0,0,0,0,0,0,0,0,2,1,1,0,1,0,2,1,1,1,0,0,0,0,0,0,0,0,0,0,0,2,0,0,0,0,0,0,1,7,3,2,2,0,0,0,0,0,0,1,0,0,0,0,0,0,0,1,0,0,0,1,1,0,2,0,0,0,0,0,0,0,0,0,0,0,0,1,0,0,0,0,0,1,0,0,0,0,0,1,0,0,2,0,1,0,0,0,0,0,0,0,0,0,0,0,2,0,0,0,0,0,0,0,0,0,0,0,0,0,0,0,0,0,0,0,0,0,0,0,1,0,0,0,0,0,0,0,0,1,1,0,0,0,0,0,0,0,0,0,0,0,0,0,0,0,0,0,0,0,0,0,1,1,0,0,0]",{},"{""US"":30}",13077,9,"{""<5"":4,""5-20"":26,""21-60"":4,""61-240"":3,"">240"":9}","{""Walgreens"":49,""Smart & Final"":17,""OfficeMax"":10,""Office Depot"":10,""New Leaf Community Markets"":6,""Ono Hawaiian BBQ"":6,""Pet Food Express"":6}","{""Costco Wholesale Corp."":19,""Safeway"":16,""Starbucks"":13,""GNC (General Nutrition Centers)"":9,""The Bay Club"":7,""Round Table Pizza"":7,""FoodMaxx Supermarkets"":7,""Smart & Final"":7,""Safeway Pharmacy"":7,""Chipotle Mexican Grill"":7,""Jack in the Box"":7,""Chevron"":6}","{""android"":20,""ios"":22}",US
sg:0bdf50da9cad4fbfabb815df3a34c0d3,Sunset Paws,1948 19th Ave,San Francisco,CA,94116,[],812910,2020-03-15T00:00:00-07:00,2020-03-22T00:00:00-07:00,2,2,"[0,0,1,0,1,0,0]","[0,0,0,0,0,0,0,0,0,0,0,0,0,0,0,0,0,0,0,0,0,0,0,0,0,0,0,0,0,0,0,0,0,0,0,0,0,0,0,0,0,0,0,0,0,0,0,0,0,0,0,0,0,0,0,0,0,0,1,0,0,0,0,0,0,0,0,0,0,0,0,0,0,0,0,0,0,0,0,0,0,0,0,0,0,0,0,0,0,0,0,0,0,0,0,0,0,0,0,0,0,0,0,0,0,0,0,1,0,0,0,0,0,0,0,0,0,0,0,0,0,0,0,0,0,0,0,0,0,0,0,0,0,0,0,0,0,0,0,0,0,0,0,0,0,0,0,0,0,0,0,0,0,0,0,0,0,0,0,0,0,0,0,0,0,0,0,0]",{},{},null,51,"{""<5"":0,""5-20"":1,""21-60"":0,""61-240"":1,"">240"":0}",{},{},"{""android"":0,""ios"":0}",US
sg:504f4a6db2e64b1cb8bbe53126f525dc,H & K Liquor & Deli,1300 Fitzgerald Ave,San Francisco,CA,94124,[],445310,2020-03-15T00:00:00-07:00,2020-03-22T00:00:00-07:00,14,12,"[1,5,3,0,4,0,1]","[0,0,0,0,0,0,0,0,0,0,0,0,0,0,0,0,0,1,0,0,0,0,0,0,0,0,0,0,0,0,0,0,0,1,1,0,0,0,1,2,0,0,0,0,0,0,0,0,0,0,0,0,0,0,0,0,0,1,0,0,0,0,0,0,1,0,0,1,0,0,0,0,0,0,0,0,0,0,0,0,0,0,0,0,0,0,0,0,0,0,0,0,0,0,0,0,0,0,0,0,0,0,0,0,0,0,1,0,1,0,0,1,0,0,0,0,0,1,0,0,0,0,0,0,0,0,0,0,0,0,0,0,0,0,0,0,0,0,0,0,0,0,0,0,0,0,0,0,0,0,0,0,0,0,0,0,1,0,0,0,0,0,0,0,0,0,0,0]",{},"{""US"":8}",875,11.5,"{""<5"":0,""5-20"":8,""21-60"":1,""61-240"":4,"">240"":1}","{""Hyatt House"":25,""United States Postal Service (USPS)"":24}","{""Lucky Supermarkets"":17,""Chevron"":15,""Starbucks"":13,""McDonald's"":10,""Project Juice"":8,""Amazon Go"":8,""Hyatt House"":8,""Embassy Suites Hotels"":8,""Kaiser Permanente"":8,""Grocery Outlet"":8,""Boys & Girls Clubs of America"":8,""Chase"":8,""Motel 6"":8,""Krispy Krunchy Chicken"":8,""IHOP"":8,""Safeway"":8,""Mobil"":8,""Valero Energy"":7,""United States Postal Service (USPS)"":7,""7-Eleven"":7}","{""android"":10,""ios"":0}",US
sg:537a755b853743368df6a2aab0712c36,Tunnell Skilled Nursing & Rehabilitation Center,1359 Pine St,San Francisco,CA,94109,[],621610,2020-03-15T00:00:00-07:00,2020-03-22T00:00:00-07:00,22,11,"[4,5,6,2,3,2,0]","[0,0,0,0,0,0,0,1,0,0,0,0,0,0,0,0,0,2,0,1,0,0,0,0,0,0,0,0,0,0,0,2,0,1,0,1,0,0,0,0,0,1,0,0,0,0,0,0,0,0,0,0,0,0,0,1,0,0,0,0,0,0,0,2,0,2,0,0,0,0,0,1,0,0,0,0,0,0,0,0,1,0,0,0,0,0,0,0,0,1,0,0,0,0,0,0,0,0,0,0,0,0,0,1,0,0,1,0,0,0,0,0,0,1,0,0,0,0,0,0,0,0,0,0,0,0,0,0,0,0,0,0,0,0,1,0,0,1,0,0,0,0,0,0,0,0,0,0,0,0,0,0,0,0,0,0,0,0,0,0,0,0,0,0,0,0,0,0]",{},"{""US"":8}",18150,279,"{""<5"":0,""5-20"":2,""21-60"":2,""61-240"":7,"">240"":11}","{""99 Cents Only Stores"":40,""Mazda"":20,""GNC (General Nutrition Centers)"":20}","{""Pho Hoa "":18,""Vitality Bowls"":18,""Fallas"":18,""Big 5 Sporting Goods"":18,""Red Robin Gourmet Burgers"":18,""99 Cents Only Stores"":18,""Chili's Grill & Bar"":18,""United States Postal Service (USPS)"":17,""Dollar Tree"":16,""Subway"":16,""McDonald's"":12,""Victory Martial Arts"":9,""Dunn Edwards"":9,""Citibank"":9,""Paris Baguette"":9,""Sutter Health"":9,""Mountain Mike's Pizza"":9,""Peet's Coffee and Tea"":9,""Lucky Supermarkets"":9,""FoodMaxx Supermarkets"":9}","{""android"":6,""ios"":5}",US
sg:55fea5e2a5824ce39561e2e6f0b34ad6,U-Haul,1575 Bay Shore Blvd,San Francisco,CA,94124,"[""U-Haul""]",532120,2020-03-15T00:00:00-07:00,2020-03-22T00:00:00-07:00,13,11,"[2,5,1,2,2,0,1]","[0,0,0,1,0,0,0,0,0,0,0,0,1,0,0,0,0,0,0,0,0,0,0,0,0,0,0,1,0,1,0,0,0,0,0,0,0,0,1,0,0,2,0,0,0,0,0,0,0,0,0,0,0,0,0,0,0,0,0,0,0,0,0,0,0,1,0,0,0,0,0,0,0,0,0,0,0,0,0,0,1,1,0,0,0,0,0,0,0,0,0,0,0,0,0,0,0,0,0,1,0,0,0,0,1,0,0,0,0,0,0,0,0,0,0,0,0,0,0,0,0,0,0,0,0,0,0,0,0,0,0,0,0,0,0,0,0,0,0,0,0,0,0,0,0,0,0,0,0,0,0,0,0,1,0,0,0,0,0,0,0,0,0,0,0,0,0,0]",{},"{""US"":10}",6436,20,"{""<5"":1,""5-20"":6,""21-60"":2,""61-240"":4,"">240"":0}",{},"{""Chevron"":35,""Starbucks"":33,""7-Eleven"":26,""Safeway"":18,""Costco Wholesale Corp."":16,""Subway"":16,""CVS"":15,""Shell Oil"":15,""Sajj Mediterranean"":9,""Grand Hyatt"":9,""Big 10 Tires"":9,""Bassett Furniture"":9,""Jos. A. Bank Clothiers"":9,""Green Burrito"":9,""F45 Training"":9,""Boston Market"":9,""The Vitamin Shoppe"":9,""Grocery Outlet"":9,""The Salvation Army"":9,""Macy's"":9}","{""android"":6,""ios"":5}",US
sg:732bce00d89641888582dc650e634c9d,Bodyvolve,2345 Harrison St,San Francisco,CA,94110,[],713940,2020-03-15T00:00:00-07:00,2020-03-22T00:00:00-07:00,3,2,"[0,1,0,0,1,1,0]","[0,0,0,0,0,0,0,0,0,0,0,0,0,0,0,0,0,0,0,0,0,0,0,0,0,0,0,0,0,0,0,0,0,0,0,0,0,1,0,0,0,0,0,0,0,0,0,0,0,0,0,0,0,0,0,0,0,0,0,0,0,0,0,0,0,0,0,0,0,0,0,0,0,0,0,0,0,0,0,0,0,0,0,0,0,0,0,0,0,0,0,0,0,0,0,0,0,0,0,0,0,0,0,0,0,0,0,0,1,0,0,0,0,0,0,0,0,0,0,0,0,0,0,0,0,0,0,0,0,0,0,0,1,0,0,0,0,0,0,0,0,0,0,0,0,0,0,0,0,0,0,0,0,0,0,0,0,0,0,0,0,0,0,0,0,0,0,0]",{},{},null,26,"{""<5"":0,""5-20"":0,""21-60"":2,""61-240"":1,"">240"":0}",{},{},"{""android"":0,""ios"":0}",US
sg:76ad79bf8b82443280b8c4636c112118,DayDream Cake Shop,1788 32nd Ave,San Francisco,CA,94122,[],722515,2020-03-15T00:00:00-07:00,2020-03-22T00:00:00-07:00,43,29,"[7,6,10,8,10,1,1]","[0,0,0,0,0,0,0,0,0,0,0,2,0,2,1,1,0,1,0,0,0,0,0,0,0,0,0,0,0,0,0,0,0,0,0,0,0,1,3,1,0,1,0,0,0,0,0,0,0,0,0,0,0,0,1,0,0,2,0,0,0,1,2,0,0,3,1,0,0,0,0,0,0,0,0,0,0,0,0,0,0,1,1,0,0,1,1,2,0,1,0,1,0,0,0,0,0,0,0,0,0,0,0,0,0,2,0,0,2,1,1,0,0,3,1,0,0,0,0,0,0,0,0,0,0,0,0,0,0,0,0,0,0,0,0,1,0,0,0,0,0,0,0,0,0,0,0,0,0,0,0,0,0,0,0,1,0,0,0,0,0,0,0,0,0,0,0,0]",{},"{""US"":26}",1396,28,"{""<5"":0,""5-20"":15,""21-60"":14,""61-240"":5,"">240"":9}","{""Seafood City"":14,""Hertz"":14,""Trader Joe's"":14}","{""Safeway"":27,""Costco Wholesale Corp."":19,""Safeway Pharmacy"":10,""Target"":10,""In-N-Out Burger"":10,""Walgreens"":7,""Trader Joe's"":7,""Panera Bread"":6,""Chipotle Mexican Grill"":6,""Chevron"":5}","{""android"":17,""ios"":12}",US
sg:854cbc5a010f47d9b54084f218f53bde,Second Community Childcare Center,500 Clarendon Ave,San Francisco,CA,94131,[],624410,2020-03-15T00:00:00-07:00,2020-03-22T00:00:00-07:00,2,2,"[0,2,0,0,0,0,0]","[0,0,0,0,0,0,0,0,0,0,0,0,0,0,0,0,0,0,0,0,0,0,0,0,0,0,0,0,0,0,0,1,1,0,0,0,0,0,0,0,0,0,0,0,0,0,0,0,0,0,0,0,0,0,0,0,0,0,0,0,0,0,0,0,0,0,0,0,0,0,0,0,0,0,0,0,0,0,0,0,0,0,0,0,0,0,0,0,0,0,0,0,0,0,0,0,0,0,0,0,0,0,0,0,0,0,0,0,0,0,0,0,0,0,0,0,0,0,0,0,0,0,0,0,0,0,0,0,0,0,0,0,0,0,0,0,0,0,0,0,0,0,0,0,0,0,0,0,0,0,0,0,0,0,0,0,0,0,0,0,0,0,0,0,0,0,0,0]",{},{},null,8.5,"{""<5"":0,""5-20"":2,""21-60"":0,""61-240"":0,"">240"":0}",{},{},"{""android"":0,""ios"":0}",US
sg:b2a3c97db551455bb610c32bef59ac57,Attaining Harmony School of T'ai Chi Ch'uan,3543 18th St,San Francisco,CA,94110,[],713940,2020-03-15T00:00:00-07:00,2020-03-22T00:00:00-07:00,10,8,"[2,2,0,1,2,2,1]","[0,0,0,0,0,0,0,0,0,1,1,0,0,0,0,0,0,0,0,0,0,0,0,0,0,0,0,0,0,1,0,0,0,0,1,0,0,0,0,0,0,0,0,0,0,0,0,0,0,0,0,0,0,0,0,0,0,0,0,0,0,0,0,0,0,0,0,0,0,0,0,0,0,0,0,0,0,0,0,1,0,0,0,0,0,0,0,0,0,0,0,0,0,0,0,0,0,1,0,0,0,0,0,0,0,0,0,0,0,0,0,1,0,0,0,0,0,0,0,0,0,0,1,0,0,0,0,0,0,0,0,0,0,0,0,0,0,1,0,0,0,0,0,0,0,0,0,0,0,0,0,0,0,0,0,0,0,0,0,0,0,1,0,0,0,0,0,0]",{},{},null,59.5,"{""<5"":0,""5-20"":1,""21-60"":5,""61-240"":3,"">240"":1}",{},"{""Curry Up Now"":25,""Pet Food Express"":12,""Ross Stores"":12,""7-Eleven"":11,""Costco Wholesale Corp."":10,""Subway"":10,""CVS"":10}","{""android"":0,""ios"":7}",US
sg:c0bacf470cf54aa2ae694c54f305d803,Unical,1855 Taraval St,San Francisco,CA,94116,[],447110,2020-03-15T00:00:00-07:00,2020-03-22T00:00:00-07:00,8,8,"[3,4,0,1,0,0,0]","[0,0,0,0,0,0,0,0,0,0,1,1,1,0,0,0,0,0,0,0,0,0,0,0,0,0,0,0,0,0,0,0,0,0,0,1,0,0,1,1,0,0,1,0,0,0,0,0,0,0,0,0,0,0,0,0,0,0,0,0,0,0,0,0,0,0,0,0,0,0,0,0,0,0,0,0,0,0,0,0,0,0,0,0,0,0,0,0,1,0,0,0,0,0,0,0,0,0,0,0,0,0,0,0,0,0,0,0,0,0,0,0,0,0,0,0,0,0,0,0,0,0,0,0,0,0,0,0,0,0,0,0,0,0,0,0,0,0,0,0,0,0,0,0,0,0,0,0,0,0,0,0,0,0,0,0,0,0,0,0,0,0,0,0,0,0,0,0]",{},"{""US"":8}",1577,5.5,"{""<5"":0,""5-20"":8,""21-60"":0,""61-240"":0,"">240"":0}","{""Noah's New York Bagels"":33}","{""Big 5 Sporting Goods"":25,""Costco Wholesale Corp."":23,""Shell Oil"":22,""Walgreens"":22,""Chevys Fresh Mex"":12,""Philz Coffee"":12,""Noah's New York Bagels"":12,""Lucky Supermarkets"":12,""FedEx"":12,""9Round"":12,""Toyota"":12,""Petco"":12,""Safeway"":12,""Chevron"":11,""The Home Depot"":10,""Target"":9}","{""android"":0,""ios"":5}",US
sg:f6027cda5d654d4a8282e7ea4ed3f40f,Cafe Lambretta,700 2nd St,San Francisco,CA,94107,[],722515,2020-03-15T00:00:00-07:00,2020-03-22T00:00:00-07:00,9,6,"[0,3,1,3,1,0,1]","[0,0,0,0,0,0,0,0,0,0,0,0,0,0,0,0,0,0,0,0,0,0,0,0,0,0,0,0,0,0,0,0,0,0,0,1,0,1,0,0,0,0,0,0,0,1,0,0,0,0,0,0,0,0,1,0,0,0,0,0,0,0,0,0,0,0,0,0,0,0,0,0,0,0,0,0,0,0,0,0,0,0,0,0,0,0,0,1,0,1,0,0,0,1,0,0,0,0,0,0,0,0,0,0,0,0,0,0,0,0,0,0,0,0,1,0,0,0,0,0,0,0,0,0,0,0,0,0,0,0,0,0,0,0,0,0,0,0,0,0,0,0,0,0,0,0,0,0,0,0,1,0,0,0,0,0,0,0,0,0,0,0,0,0,0,0,0,0]",{},{},null,60,"{""<5"":1,""5-20"":2,""21-60"":2,""61-240"":2,"">240"":2}",{},"{""Starbucks"":30,""Peet's Coffee and Tea"":17,""Hyatt Place"":17,""24 Hour Fitness"":17,""Bed Bath & Beyond"":17,""Carl's Jr."":16,""GNC (General Nutrition Centers)"":16,""In-N-Out Burger"":16,""Safeway"":16,""Costco Wholesale Corp."":14,""Shell Oil"":14}","{""android"":0,""ios"":0}",US
sg:0020e6a31bdb4bc3a62d91929b3a5d15,Isa Restaurant,3324 Steiner St,San Francisco,CA,94123,[],722511,2020-03-15T00:00:00-07:00,2020-03-22T00:00:00-07:00,1,1,"[1,0,0,0,0,0,0]","[1,0,0,0,0,0,0,0,0,0,0,0,0,0,0,0,0,0,0,0,0,0,0,0,0,0,0,0,0,0,0,0,0,0,0,0,0,0,0,0,0,0,0,0,0,0,0,0,0,0,0,0,0,0,0,0,0,0,0,0,0,0,0,0,0,0,0,0,0,0,0,0,0,0,0,0,0,0,0,0,0,0,0,0,0,0,0,0,0,0,0,0,0,0,0,0,0,0,0,0,0,0,0,0,0,0,0,0,0,0,0,0,0,0,0,0,0,0,0,0,0,0,0,0,0,0,0,0,0,0,0,0,0,0,0,0,0,0,0,0,0,0,0,0,0,0,0,0,0,0,0,0,0,0,0,0,0,0,0,0,0,0,0,0,0,0,0,0]",{},{},null,526,"{""<5"":0,""5-20"":0,""21-60"":0,""61-240"":0,"">240"":1}",{},{},"{""android"":0,""ios"":0}",US
sg:0ea0d4338a364c8c9d99c5ce099bf175,Monkey Island Park,Monkey Island Park,San Francisco,CA,94705,[],712190,2020-03-15T00:00:00-07:00,2020-03-22T00:00:00-07:00,18,13,"[3,4,2,5,1,1,2]","[0,0,0,0,0,0,0,0,0,0,1,0,0,0,0,0,0,0,2,0,0,0,0,0,0,0,0,0,0,0,0,0,0,0,1,1,0,0,1,0,0,1,0,0,0,0,0,0,0,0,0,0,0,0,0,0,0,0,0,0,0,0,0,0,1,0,1,0,0,0,0,0,0,0,0,0,0,0,0,0,0,1,0,0,0,0,1,0,0,1,2,0,0,0,0,0,0,0,0,0,0,0,0,0,0,0,0,0,0,0,0,0,0,1,0,0,0,0,0,0,0,0,0,0,0,0,0,0,0,0,0,0,0,0,0,0,1,0,0,0,0,0,0,0,0,0,0,0,0,0,0,0,0,0,0,0,0,0,1,0,0,0,0,1,0,0,0,0]",{},"{""US"":10}",3420,28.5,"{""<5"":1,""5-20"":7,""21-60"":3,""61-240"":3,"">240"":4}",{},"{""Target"":12,""Pet Club Food and Supplies"":8,""Fosters Freeze"":8,""Foods Co."":8,""Pet Food Express"":8,""Grainger"":8,""Togo's Eateries"":8,""Peet's Coffee and Tea"":8,""Wienerschnitzel"":8,""Build A Bear Workshop"":8,""Big 5 Sporting Goods"":8,""Motel 6"":8,""Safeway Pharmacy"":8,""Wells Fargo"":7,""Wingstop"":7,""ARCO"":7,""Chipotle Mexican Grill"":7,""Safeway"":7,""Popeyes Louisiana Kitchen"":7,""7-Eleven"":6}","{""android"":6,""ios"":7}",US
sg:2e8e6142d0414d1fa705c9aa5f43dccd,Golden Gate Auto Repair,2380 San Bruno Ave,San Francisco,CA,94134,[],441310,2020-03-15T00:00:00-07:00,2020-03-22T00:00:00-07:00,3,3,"[0,1,2,0,0,0,0]","[0,0,0,0,0,0,0,0,0,0,0,0,0,0,0,0,0,0,0,0,0,0,0,0,0,0,0,0,0,0,0,0,0,0,0,0,0,0,0,1,0,0,0,0,0,0,0,0,0,0,0,0,0,0,0,0,0,0,0,0,0,1,0,1,0,0,0,0,0,0,0,0,0,0,0,0,0,0,0,0,0,0,0,0,0,0,0,0,0,0,0,0,0,0,0,0,0,0,0,0,0,0,0,0,0,0,0,0,0,0,0,0,0,0,0,0,0,0,0,0,0,0,0,0,0,0,0,0,0,0,0,0,0,0,0,0,0,0,0,0,0,0,0,0,0,0,0,0,0,0,0,0,0,0,0,0,0,0,0,0,0,0,0,0,0,0,0,0]",{},{},null,17,"{""<5"":0,""5-20"":2,""21-60"":1,""61-240"":0,"">240"":0}",{},{},"{""android"":0,""ios"":0}",US
sg:4532f25df14942ce8b43fe047518d145,Rita's Catering & Eatery,1068 Mission St,San Francisco,CA,94103,[],722511,2020-03-15T00:00:00-07:00,2020-03-22T00:00:00-07:00,153,97,"[12,12,6,31,58,18,16]","[0,1,0,0,0,0,1,0,0,0,1,0,1,0,2,1,1,2,1,0,0,0,1,0,1,1,1,2,0,0,1,0,0,1,0,1,0,0,2,0,0,1,0,0,1,0,0,0,0,0,0,0,0,0,0,0,0,0,0,0,0,0,2,0,0,1,0,0,0,2,1,0,1,0,3,1,2,1,1,0,0,0,0,0,0,0,0,0,1,1,4,1,3,4,7,1,3,0,0,2,3,2,4,0,0,1,0,1,0,1,1,1,1,16,6,7,2,5,2,0,2,1,1,1,0,1,0,0,0,0,0,0,0,0,0,0,1,2,3,1,1,1,1,2,1,1,0,0,1,1,1,0,0,0,0,0,0,1,0,1,2,2,1,1,1,1,1,0]",{},"{""US"":41}",6595,64,"{""<5"":4,""5-20"":40,""21-60"":30,""61-240"":39,"">240"":40}","{""Equinox Fitness Clubs"":10,""Whole Foods Market"":8}","{""Whole Foods Market"":6,""Starbucks"":5,""Costco Wholesale Corp."":5}","{""android"":81,""ios"":16}",US
sg:49958c752e114c4188c2791548a97601,Ton Kiang,5821 Geary Blvd,San Francisco,CA,94121,[],722511,2020-03-15T00:00:00-07:00,2020-03-22T00:00:00-07:00,7,5,"[0,1,1,0,3,1,1]","[0,0,0,0,0,0,0,0,0,0,0,0,0,0,0,0,0,0,0,0,0,0,0,0,0,0,0,0,0,0,0,0,0,0,0,0,0,0,0,0,1,0,0,0,0,0,0,0,0,0,0,0,0,0,0,0,0,0,1,0,0,0,0,0,0,0,0,0,0,0,0,0,0,0,0,0,0,0,0,0,0,0,0,0,0,0,0,0,0,0,0,0,0,0,0,0,0,0,0,0,0,0,0,0,0,0,0,0,0,0,1,0,0,0,1,0,0,0,0,1,0,0,0,0,0,0,0,0,0,0,0,0,0,0,0,0,0,0,1,0,0,0,0,0,0,0,0,0,0,0,0,0,0,0,0,0,0,0,0,0,0,1,0,0,0,0,0,0]",{},{},null,10,"{""<5"":0,""5-20"":4,""21-60"":0,""61-240"":1,"">240"":2}",{},"{""Mr. Pickle's Sandwich Shop"":20,""Kaiser Permanente"":20,""Smart & Final"":20,""Trader Joe's"":20,""Orangetheory Fitness"":20,""ARCO"":20,""Anytime Fitness"":20,""Shell Oil"":17,""Walgreens"":17}","{""android"":0,""ios"":0}",US
sg:61649b50165842f6b1aae0484c2a9bd4,Big Save Market,5001 3rd St,San Francisco,CA,94124,[],445110,2020-03-15T00:00:00-07:00,2020-03-22T00:00:00-07:00,42,24,"[4,3,7,10,7,5,6]","[0,0,0,0,0,0,0,0,0,0,0,0,0,0,1,0,0,1,1,0,1,0,0,0,0,0,0,0,0,0,0,0,0,0,0,0,0,0,2,0,1,0,0,0,0,0,0,0,0,0,0,0,0,0,0,0,0,1,1,0,0,0,1,0,0,1,0,0,0,2,1,0,0,0,0,0,0,0,0,0,1,1,1,0,0,1,1,1,0,1,1,1,0,0,0,1,0,0,0,0,0,0,0,0,0,2,1,0,0,0,0,0,1,0,0,1,1,0,1,0,0,0,0,0,0,0,0,0,0,1,0,0,0,1,1,1,0,0,0,0,1,0,0,0,0,0,0,0,0,0,0,0,0,2,0,1,0,1,1,0,0,1,0,0,0,0,0,0]",{},"{""US"":12}",2698,28,"{""<5"":1,""5-20"":17,""21-60"":5,""61-240"":11,"">240"":8}","{""Honda"":50,""Kelly-Moore Paints"":33,""Burger King"":33,""Public Storage"":14}","{""Walgreens"":17,""Grocery Outlet"":12,""Krispy Krunchy Chicken"":12,""Target"":9,""Public Storage"":8,""AutoZone"":8,""7-Eleven"":7,""Costco Wholesale Corp."":6}","{""android"":16,""ios"":8}",US
sg:7dbd457e66ed4e7aba3d98e75b62ed71,Mosk Stanley Justice Supreme Court,350 McAllister St,San Francisco,CA,94102,[],448130,2020-03-15T00:00:00-07:00,2020-03-22T00:00:00-07:00,4,4,"[1,1,0,0,1,1,0]","[0,0,0,0,0,0,0,0,0,1,0,0,0,0,0,0,0,0,0,0,0,0,0,0,0,0,0,0,0,0,0,0,0,0,0,0,0,0,0,0,0,0,1,0,0,0,0,0,0,0,0,0,0,0,0,0,0,0,0,0,0,0,0,0,0,0,0,0,0,0,0,0,0,0,0,0,0,0,0,0,0,0,0,0,0,0,0,0,0,0,0,0,0,0,0,0,0,0,0,0,0,0,0,0,0,1,0,0,0,0,0,0,0,0,0,0,0,0,0,0,0,0,0,0,0,0,0,0,0,0,0,0,0,0,0,0,0,0,0,0,0,0,0,1,0,0,0,0,0,0,0,0,0,0,0,0,0,0,0,0,0,0,0,0,0,0,0,0]",{},{},null,7,"{""<5"":0,""5-20"":4,""21-60"":0,""61-240"":0,"">240"":0}",{},{},"{""android"":0,""ios"":0}",US
sg:8181a2f9cbef4c9a8c490d55a9d14fcc,Blue Fog Market,2567 Gough St,San Francisco,CA,94123,[],722515,2020-03-15T00:00:00-07:00,2020-03-22T00:00:00-07:00,14,9,"[2,1,5,3,1,0,2]","[0,0,0,0,0,0,0,0,0,0,1,0,0,0,0,1,0,0,0,0,0,0,0,0,0,0,0,0,0,0,0,0,0,0,0,0,0,0,1,0,0,0,0,0,0,0,0,0,0,1,0,0,0,0,0,0,0,0,0,0,0,1,0,1,0,2,0,0,0,0,0,0,0,0,0,0,0,0,1,0,0,0,0,0,0,0,0,0,0,1,0,1,0,0,0,0,0,0,0,0,0,0,0,0,0,0,0,0,0,0,0,0,0,0,1,0,0,0,0,0,0,0,0,0,0,0,0,0,0,0,0,0,0,0,0,0,0,0,0,0,0,0,0,0,0,0,0,0,0,0,0,0,0,0,0,0,0,0,0,1,0,1,0,0,0,0,0,0]",{},{},null,151,"{""<5"":0,""5-20"":1,""21-60"":4,""61-240"":4,"">240"":5}","{""Curry Up Now"":100}","{""Project Juice"":11,""Curry Up Now"":11,""Peet's Coffee and Tea"":11,""Jamba"":11,""United States Postal Service (USPS)"":10,""Chevron"":10,""Taco Bell"":9,""CVS"":8,""Starbucks"":7}","{""android"":0,""ios"":6}",US
sg:9123b66bb42441b091cb2bdfb8655c48,Pizzetta 211,211 23rd Ave,San Francisco,CA,94121,[],722511,2020-03-15T00:00:00-07:00,2020-03-22T00:00:00-07:00,5,4,"[0,0,1,3,1,0,0]","[0,0,0,0,0,0,0,0,0,0,0,0,0,0,0,0,0,0,0,0,0,0,0,0,0,0,0,0,0,0,0,0,0,0,0,0,0,0,0,0,0,0,0,0,0,0,0,0,0,0,0,0,0,0,0,0,0,0,0,0,0,0,0,1,0,0,0,0,0,0,0,0,0,0,0,0,0,0,0,0,0,1,0,0,0,0,0,1,0,0,0,1,0,0,0,0,0,0,0,0,0,0,0,0,1,0,0,0,0,0,0,0,0,0,0,0,0,0,0,0,0,0,0,0,0,0,0,0,0,0,0,0,0,0,0,0,0,0,0,0,0,0,0,0,0,0,0,0,0,0,0,0,0,0,0,0,0,0,0,0,0,0,0,0,0,0,0,0]",{},{},null,11,"{""<5"":0,""5-20"":3,""21-60"":1,""61-240"":1,"">240"":0}",{},{},"{""android"":0,""ios"":0}",US
sg:ed49807ffc274f30be3caa52dacd5317,Amausaan Uji Matcha,354 Clement St,San Francisco,CA,94118,[],722515,2020-03-15T00:00:00-07:00,2020-03-22T00:00:00-07:00,2,2,"[0,0,0,2,0,0,0]","[0,0,0,0,0,0,0,0,0,0,0,0,0,0,0,0,0,0,0,0,0,0,0,0,0,0,0,0,0,0,0,0,0,0,0,0,0,0,0,0,0,0,0,0,0,0,0,0,0,0,0,0,0,0,0,0,0,0,0,0,0,0,0,0,0,0,0,0,0,0,0,0,0,0,0,0,0,0,0,0,0,0,0,0,0,1,0,0,0,1,0,0,0,0,0,0,0,0,0,0,0,0,0,0,0,0,0,0,0,0,0,0,0,0,0,0,0,0,0,0,0,0,0,0,0,0,0,0,0,0,0,0,0,0,0,0,0,0,0,0,0,0,0,0,0,0,0,0,0,0,0,0,0,0,0,0,0,0,0,0,0,0,0,0,0,0,0,0]",{},{},null,445,"{""<5"":0,""5-20"":1,""21-60"":0,""61-240"":0,"">240"":1}",{},{},"{""android"":0,""ios"":0}",US
sg:eddddf26b8dd4c5bab203391d2460004,Pilates Heights,333 Cortland Ave,San Francisco,CA,94110,[],713940,2020-03-15T00:00:00-07:00,2020-03-22T00:00:00-07:00,7,7,"[1,3,0,0,2,0,1]","[0,0,0,0,0,0,0,0,0,0,0,0,0,0,0,1,0,0,0,0,0,0,0,0,0,0,0,0,0,0,0,1,0,0,0,0,0,0,0,0,0,0,0,1,1,0,0,0,0,0,0,0,0,0,0,0,0,0,0,0,0,0,0,0,0,0,0,0,0,0,0,0,0,0,0,0,0,0,0,0,0,0,0,0,0,0,0,0,0,0,0,0,0,0,0,0,0,0,0,0,0,0,0,0,0,1,0,0,0,0,0,0,0,0,0,0,0,1,0,0,0,0,0,0,0,0,0,0,0,0,0,0,0,0,0,0,0,0,0,0,0,0,0,0,0,0,0,0,0,0,0,0,0,0,0,0,0,0,0,1,0,0,0,0,0,0,0,0]",{},"{""US"":5}",2959,50,"{""<5"":0,""5-20"":1,""21-60"":4,""61-240"":2,"">240"":0}","{""Costco Wholesale Corp."":49,""Walgreens"":49}","{""Safeway"":28,""Costco Wholesale Corp."":26,""Target"":25,""Sajj Mediterranean"":14,""BevMo"":14,""Caliber Collision"":14,""Pacific Sales"":14,""Trader Joe's"":14,""Goodwill Industries"":13,""Sonic"":12,""Walgreens"":11,""Starbucks"":10}","{""android"":5,""ios"":0}",US
sg:057636c9d29c408397d7d3e8042b9082,Sfusd Dr William Cobb Ees Preschool,2725 California St,San Francisco,CA,94115,[],624410,2020-03-15T00:00:00-07:00,2020-03-22T00:00:00-07:00,2,2,"[0,2,0,0,0,0,0]","[0,0,0,0,0,0,0,0,0,0,0,0,0,0,0,0,0,0,0,0,0,0,0,0,0,0,0,0,0,0,0,0,1,0,1,0,0,0,0,0,0,0,0,0,0,0,0,0,0,0,0,0,0,0,0,0,0,0,0,0,0,0,0,0,0,0,0,0,0,0,0,0,0,0,0,0,0,0,0,0,0,0,0,0,0,0,0,0,0,0,0,0,0,0,0,0,0,0,0,0,0,0,0,0,0,0,0,0,0,0,0,0,0,0,0,0,0,0,0,0,0,0,0,0,0,0,0,0,0,0,0,0,0,0,0,0,0,0,0,0,0,0,0,0,0,0,0,0,0,0,0,0,0,0,0,0,0,0,0,0,0,0,0,0,0,0,0,0]",{},{},null,9,"{""<5"":0,""5-20"":2,""21-60"":0,""61-240"":0,"">240"":0}",{},{},"{""android"":0,""ios"":0}",US
sg:0b20bf132da147ac971349bb163656e7,Stonestown Galleria,3251 20th Ave,San Francisco,CA,94132,[],531120,2020-03-15T00:00:00-07:00,2020-03-22T00:00:00-07:00,914,706,"[304,246,106,79,73,49,57]","[0,0,0,0,1,0,1,6,8,19,18,30,46,23,37,32,19,27,17,8,9,2,0,1,2,0,1,0,2,5,7,4,9,16,11,20,31,19,15,24,7,32,20,13,3,5,0,0,0,0,0,0,1,0,0,6,10,6,8,8,6,6,11,10,7,12,8,3,2,0,1,1,1,1,2,0,0,0,0,3,4,3,6,5,6,8,8,6,7,8,5,1,2,2,1,0,1,0,0,0,0,1,0,2,1,8,2,6,11,8,5,8,3,11,2,3,1,0,0,0,0,0,0,0,0,2,0,0,2,6,4,5,4,3,4,2,4,5,5,2,0,1,0,0,0,0,0,0,1,0,0,1,2,3,5,5,5,4,5,3,4,9,6,3,0,1,0,0]","{""060750332011"":18,""060750332031"":13,""060750331002"":10,""060750332042"":9,""060750313012"":8,""060750328023"":8,""060750313013"":8,""060750313022"":7,""060750354004"":7,""060750330004"":7,""060750309007"":7,""060750332043"":7,""060750329023"":6,""060750313011"":6,""060750330001"":6,""060750352022"":5,""060750314003"":5,""060750313021"":5,""060750331004"":5,""060750309002"":5,""060816009001"":5}","{""US"":632}",3391,22,"{""<5"":31,""5-20"":378,""21-60"":325,""61-240"":142,"">240"":38}","{""Target"":97}","{""Target"":81,""Safeway"":13,""Costco Wholesale Corp."":11,""Starbucks"":7,""Peet's Coffee and Tea"":5}","{""android"":289,""ios"":417}",US
sg:0d73f6e8b64745f1857e9e60be7444ee,Tonton Restaurant,422 Geary St,San Francisco,CA,94102,[],722511,2020-03-15T00:00:00-07:00,2020-03-22T00:00:00-07:00,2,2,"[1,1,0,0,0,0,0]","[0,0,1,0,0,0,0,0,0,0,0,0,0,0,0,0,0,0,0,0,0,0,0,0,0,0,0,0,0,0,0,0,0,0,0,0,0,0,0,0,1,0,0,0,0,0,0,0,0,0,0,0,0,0,0,0,0,0,0,0,0,0,0,0,0,0,0,0,0,0,0,0,0,0,0,0,0,0,0,0,0,0,0,0,0,0,0,0,0,0,0,0,0,0,0,0,0,0,0,0,0,0,0,0,0,0,0,0,0,0,0,0,0,0,0,0,0,0,0,0,0,0,0,0,0,0,0,0,0,0,0,0,0,0,0,0,0,0,0,0,0,0,0,0,0,0,0,0,0,0,0,0,0,0,0,0,0,0,0,0,0,0,0,0,0,0,0,0]",{},{},null,440,"{""<5"":0,""5-20"":1,""21-60"":0,""61-240"":0,"">240"":1}",{},{},"{""android"":0,""ios"":0}",US
sg:0fa5a7d38ff04f8fbec9635872551aff,Devil's Teeth Baking Company,3876 Noriega St,San Francisco,CA,94122,[],311811,2020-03-15T00:00:00-07:00,2020-03-22T00:00:00-07:00,8,8,"[4,3,1,0,0,0,0]","[0,0,0,0,0,0,0,0,0,0,0,1,0,0,1,0,1,0,1,0,0,0,0,0,0,1,0,0,0,0,0,0,0,1,0,0,0,0,1,0,0,0,0,0,0,0,0,0,0,0,0,0,0,0,0,0,0,0,0,0,0,0,0,0,0,0,0,1,0,0,0,0,0,0,0,0,0,0,0,0,0,0,0,0,0,0,0,0,0,0,0,0,0,0,0,0,0,0,0,0,0,0,0,0,0,0,0,0,0,0,0,0,0,0,0,0,0,0,0,0,0,0,0,0,0,0,0,0,0,0,0,0,0,0,0,0,0,0,0,0,0,0,0,0,0,0,0,0,0,0,0,0,0,0,0,0,0,0,0,0,0,0,0,0,0,0,0,0]",{},"{""US"":8}",2757,9.5,"{""<5"":0,""5-20"":6,""21-60"":2,""61-240"":0,"">240"":0}",{},"{""Noah's New York Bagels"":12,""Blue Bottle Coffee"":12,""Safeway Pharmacy"":12,""Carl's Jr."":12,""Whole Foods Market"":12,""Hampton"":12,""Hallmark Cards"":12,""WinCo Foods"":12,""Jack in the Box"":12,""Safeway"":12,""Goodwill Industries"":12,""Chevron"":11,""Costco Wholesale Corp."":10,""Chick-fil-A"":10,""The Home Depot"":10,""Shell Oil"":9}","{""android"":0,""ios"":5}",US
sg:2a55ce4bfd1c4d479b4f6ab3548fa02e,Kamaljit Kaur Sran MD,2238 Geary Blvd,San Francisco,CA,94115,[],621111,2020-03-15T00:00:00-07:00,2020-03-22T00:00:00-07:00,2,1,"[0,0,0,1,1,0,0]","[0,0,0,0,0,0,0,0,0,0,0,0,0,0,0,0,0,0,0,0,0,0,0,0,0,0,0,0,0,0,0,0,0,0,0,0,0,0,0,0,0,0,0,0,0,0,0,0,0,0,0,0,0,0,0,0,0,0,0,0,0,0,0,0,0,0,0,0,0,0,0,0,0,0,0,0,0,0,0,0,1,0,0,0,0,0,0,0,0,0,0,0,0,0,0,0,0,0,0,0,0,0,0,0,1,0,0,0,0,0,0,0,0,0,0,0,0,0,0,0,0,0,0,0,0,0,0,0,0,0,0,0,0,0,0,0,0,0,0,0,0,0,0,0,0,0,0,0,0,0,0,0,0,0,0,0,0,0,0,0,0,0,0,0,0,0,0,0]",{},{},null,502.5,"{""<5"":0,""5-20"":0,""21-60"":0,""61-240"":0,"">240"":2}",{},{},"{""android"":0,""ios"":0}",US
sg:4cadf706a41b471f9f22ac1b305c16a7,Fluid Yoga,455 Judah St,San Francisco,CA,94122,[],713940,2020-03-15T00:00:00-07:00,2020-03-22T00:00:00-07:00,20,13,"[6,2,3,1,3,4,1]","[0,0,0,0,0,0,0,0,0,0,2,0,1,0,0,0,1,0,1,0,0,0,0,1,0,0,0,0,0,0,0,0,0,0,0,0,0,0,0,0,0,1,0,0,0,0,0,1,0,0,0,0,0,0,0,0,0,0,0,0,0,0,0,0,0,1,0,1,0,0,1,0,0,0,0,0,0,0,0,0,0,0,0,0,0,0,0,0,0,0,0,0,0,0,0,1,0,0,0,0,0,0,0,0,0,1,0,0,0,0,0,0,0,1,0,0,0,0,1,0,0,0,1,0,0,0,0,0,0,0,0,0,1,0,0,0,0,1,1,0,0,0,0,0,0,0,0,0,0,0,0,0,0,0,0,0,0,0,0,0,0,0,0,1,0,0,0,0]",{},"{""US"":6}",2106,66,"{""<5"":0,""5-20"":6,""21-60"":4,""61-240"":8,"">240"":2}","{""Starbucks"":32}","{""Sutter Health"":8,""Kaiser Permanente"":8,""Smart & Final"":8,""Days Inn"":8,""GNC (General Nutrition Centers)"":7,""Jack in the Box"":7,""Safeway"":7,""Chevron"":6}","{""android"":5,""ios"":8}",US
sg:79f22b0910b14bec97ac263380742a57,Oliver Hartzell Park,Oliver Hartzell Park,San Francisco,CA,94903,[],712190,2020-03-15T00:00:00-07:00,2020-03-22T00:00:00-07:00,13,4,"[2,1,4,2,2,2,0]","[0,0,0,0,0,0,0,0,0,1,0,0,0,0,0,0,0,0,1,0,0,0,0,0,0,0,0,0,0,0,0,0,0,0,0,0,0,0,0,0,0,0,1,0,0,0,0,0,0,0,0,0,0,0,0,0,0,0,0,1,1,0,0,0,0,1,1,0,0,0,0,0,0,0,0,0,0,0,0,0,0,0,1,0,0,0,0,0,0,1,0,0,0,0,0,0,0,0,0,0,0,0,0,0,0,0,0,0,0,0,0,0,0,0,2,0,0,0,0,0,0,0,0,0,0,0,0,0,0,0,0,0,0,0,1,0,0,0,1,0,0,0,0,0,0,0,0,0,0,0,0,0,0,0,0,0,0,0,0,0,0,0,0,0,0,0,0,0]",{},{},null,175,"{""<5"":1,""5-20"":1,""21-60"":2,""61-240"":3,"">240"":6}",{},{},"{""android"":0,""ios"":0}",US
sg:9d19d386bd7f4cd0a078468a96c2ba30,Danceternal Studio,1067 Market St Unit 5005,San Francisco,CA,94103,[],713940,2020-03-15T00:00:00-07:00,2020-03-22T00:00:00-07:00,17,11,"[3,2,2,2,6,2,0]","[0,0,0,0,0,0,0,0,0,0,0,0,0,0,0,0,0,0,1,1,0,0,0,1,0,0,0,0,0,0,0,0,0,0,0,1,0,0,0,0,0,0,0,0,1,0,0,0,0,0,0,0,0,0,0,1,0,0,0,0,1,0,0,0,0,0,0,0,0,0,0,0,0,0,0,0,0,0,0,0,0,0,0,0,0,0,0,0,0,1,0,0,1,0,0,0,0,0,0,0,0,0,0,0,0,0,1,0,1,0,0,1,0,1,2,0,0,0,0,0,0,0,0,0,0,0,0,2,0,0,0,0,0,0,0,0,0,0,0,0,0,0,0,0,0,0,0,0,0,0,0,0,0,0,0,0,0,0,0,0,0,0,0,0,0,0,0,0]",{},"{""US"":6}",19470,96,"{""<5"":0,""5-20"":4,""21-60"":3,""61-240"":7,"">240"":3}","{""Four Seasons Hotels and Resorts"":20}","{""Costco Wholesale Corp."":16,""McDonald's"":12,""Caspers Hot Dogs"":9,""Loop Neighborhood Market"":9,""Flyers Energy"":9,""Joe & The Juice"":9,""Four Seasons Hotels and Resorts"":9,""HD Supply"":9,""HearUSA"":9,""Jamba"":9,""Krispy Krunchy Chicken"":9,""Denny's"":9,""Popeyes Louisiana Kitchen"":8,""7-Eleven"":8,""Chevron"":8,""Shell Oil"":6,""Starbucks"":5}","{""android"":6,""ios"":5}",US
sg:cc1d0c81b046466c927d5ea1d0fc82dc,Ryan Miller Rise Up Fitness,1860 Lombard St,San Francisco,CA,94123,[],713940,2020-03-15T00:00:00-07:00,2020-03-22T00:00:00-07:00,4,4,"[0,3,0,1,0,0,0]","[0,0,0,0,0,0,0,0,0,0,0,0,0,0,0,0,0,0,0,0,0,0,0,0,1,0,0,0,0,0,1,0,0,0,0,0,0,0,1,0,0,0,0,0,0,0,0,0,0,0,0,0,0,0,0,0,0,0,0,0,0,0,0,0,0,0,0,0,0,0,0,0,0,0,0,0,0,0,0,1,0,0,0,0,0,0,0,0,0,0,0,0,0,0,0,0,0,0,0,0,0,0,0,0,0,0,0,0,0,0,0,0,0,0,0,0,0,0,0,0,0,0,0,0,0,0,0,0,0,0,0,0,0,0,0,0,0,0,0,0,0,0,0,0,0,0,0,0,0,0,0,0,0,0,0,0,0,0,0,0,0,0,0,0,0,0,0,0]",{},{},null,88,"{""<5"":0,""5-20"":2,""21-60"":0,""61-240"":1,"">240"":1}",{},{},"{""android"":0,""ios"":0}",US
sg:f4a020a29a604328abebe18021f536e4,Hotel Tropica,663 Valencia St,San Francisco,CA,94110,[],721110,2020-03-15T00:00:00-07:00,2020-03-22T00:00:00-07:00,11,10,"[4,0,1,1,1,1,3]","[0,0,0,0,0,0,0,0,0,0,0,1,0,2,0,0,1,0,0,0,0,0,0,0,0,0,0,0,0,0,0,0,0,0,0,0,0,0,0,0,0,0,0,0,0,0,0,0,0,0,0,0,0,0,0,0,0,0,0,0,0,0,0,0,0,0,0,1,0,0,0,0,0,0,0,0,0,0,0,0,0,0,0,0,0,0,0,1,0,0,0,0,0,0,0,0,0,0,0,0,0,0,0,0,0,0,0,0,0,0,0,0,0,1,0,0,0,0,0,0,0,0,0,0,0,0,0,0,0,0,0,0,0,0,0,0,0,0,0,0,0,0,0,1,0,0,0,0,0,0,0,0,0,0,0,0,0,0,0,1,0,1,0,0,0,0,0,1]",{},"{""US"":6}",7685,11,"{""<5"":2,""5-20"":4,""21-60"":1,""61-240"":2,"">240"":2}",{},"{""Curry Up Now"":30,""CVS"":27,""Project Juice"":20,""Safeway"":19,""Starbucks"":16,""The Bay Club"":10,""Tender Greens"":10,""The Luxury Collection"":10,""Flyers Energy"":10,""The Halal Guys"":10,""Peet's Coffee and Tea"":10,""Green Burrito"":10,""ampm"":10,""Safeway Pharmacy"":10,""GNC (General Nutrition Centers)"":10,""Papa John's"":10,""Ross Stores"":9,""Little Caesars"":9,""Pizza Hut"":9,""Popeyes Louisiana Kitchen"":9}","{""android"":5,""ios"":5}",US
sg:16723bd3df1842ddb875966813159755,Peet's Coffee and Tea,1400 Van Ness Ave,San Francisco,CA,94109,"[""Peet's Coffee and Tea""]",722515,2020-03-15T00:00:00-07:00,2020-03-22T00:00:00-07:00,18,14,"[5,1,4,2,0,1,5]","[0,0,0,0,0,1,0,2,0,0,0,1,1,0,0,0,0,0,0,0,0,0,0,0,1,0,0,0,0,0,0,0,0,0,0,0,0,0,0,0,0,0,0,0,0,0,0,0,0,0,0,1,0,0,0,0,0,0,0,1,0,1,0,0,0,0,0,1,0,0,0,0,0,0,0,0,0,0,0,0,0,0,0,1,1,0,0,0,0,0,0,0,0,0,0,0,0,0,0,0,0,0,0,0,0,0,0,0,0,0,0,0,0,0,0,0,0,0,0,0,0,0,0,0,0,0,0,0,0,0,0,0,0,0,0,0,0,0,0,0,0,0,1,0,0,0,0,0,0,0,0,0,0,0,0,0,0,0,1,0,0,2,0,0,0,1,0,1]",{},"{""US"":9}",1471,42.5,"{""<5"":0,""5-20"":7,""21-60"":4,""61-240"":6,"">240"":1}","{""Trader Joe's"":20}","{""Starbucks"":18,""Safeway Pharmacy"":14,""CVS"":12,""Shell Oil"":11,""Walgreens"":11,""Flyers Energy"":7,""DAISO"":7,""Cycle Gear"":7,""Jaguar"":7,""Land Rover"":7,""Travelodge"":7,""Smart Foodservice"":7,""Lucky Supermarkets"":7,""Crunch"":7,""ampm"":7,""24 Hour Fitness"":7,""Jamba"":7,""State Farm"":7,""Comfort Inn"":7,""Trader Joe's"":7}","{""android"":8,""ios"":6}",US
sg:1d9fc04f2a2f4de89ca38cf6d426809f,Canto Do Brasil Restaurant,41 Franklin St,San Francisco,CA,94102,[],722511,2020-03-15T00:00:00-07:00,2020-03-22T00:00:00-07:00,19,11,"[1,6,3,1,2,5,1]","[0,0,0,0,0,0,0,0,0,0,0,0,0,0,0,0,0,0,1,0,0,0,0,0,0,0,0,0,0,1,0,0,0,1,0,0,1,0,0,0,0,2,0,0,0,1,0,0,0,0,0,0,0,0,0,0,0,0,0,0,0,0,0,1,0,0,1,0,0,0,0,1,0,0,0,0,0,0,0,0,0,0,0,0,0,0,1,0,0,0,0,0,0,0,0,0,0,0,0,0,0,0,0,0,0,0,0,1,0,0,0,1,0,0,0,0,0,0,0,0,0,0,1,0,0,0,1,0,0,0,0,1,0,0,0,0,0,1,0,0,0,1,0,0,0,0,0,0,0,0,0,0,0,0,0,0,0,0,0,0,0,0,1,0,0,0,0,0]",{},"{""US"":8}",27016,64,"{""<5"":0,""5-20"":1,""21-60"":8,""61-240"":6,"">240"":4}","{""T-Mobile"":100}","{""Safeway"":27,""Costco Wholesale Corp."":25,""Rumble"":9,""Flyers Energy"":9,""PODS"":9,""Foods Co."":9,""Kelly-Moore Paints"":9,""BMW"":9,""T-Mobile"":9,""Grocery Outlet"":9,""GNC (General Nutrition Centers)"":9,""76"":9,""Best Buy"":9,""Panda Express"":9,""Chipotle Mexican Grill"":9,""Jack in the Box"":9,""PetSmart"":8,""Popeyes Louisiana Kitchen"":8,""Speedway"":8,""Wendy's"":7}","{""android"":9,""ios"":0}",US
sg:239a08aece3a4fc89e3a986bda8c98f4,76,3400 Mission St,San Francisco,CA,94110,"[""76""]",447110,2020-03-15T00:00:00-07:00,2020-03-22T00:00:00-07:00,29,25,"[10,4,4,7,2,2,0]","[2,0,0,0,0,0,0,0,0,1,0,0,0,0,0,2,1,0,0,1,0,3,0,0,0,0,0,0,0,0,0,0,0,0,0,0,0,0,0,0,2,1,0,1,0,0,0,0,0,0,0,0,0,0,0,1,0,0,0,0,0,1,1,0,0,1,0,0,0,0,0,0,0,1,0,0,0,0,0,0,0,0,0,1,2,0,0,0,0,1,1,1,0,0,0,0,0,1,0,0,0,0,0,0,0,0,0,0,0,0,0,0,0,0,0,0,0,0,0,1,0,0,0,0,0,0,0,0,0,0,0,0,1,0,0,0,0,0,0,1,0,0,0,0,0,0,0,0,0,0,0,0,0,0,0,0,0,0,0,0,0,0,0,0,0,0,0,0]",{},"{""US"":22}",2755,10,"{""<5"":0,""5-20"":21,""21-60"":7,""61-240"":1,"">240"":0}","{""7-Eleven"":49}","{""7-Eleven"":23,""Costco Wholesale Corp."":14,""Safeway Pharmacy"":12,""Jack in the Box"":11,""Safeway"":11,""Wendy's"":10,""Starbucks"":8,""Togo's Eateries"":8,""Peet's Coffee and Tea"":8,""Cardenas Markets"":8,""In-N-Out Burger"":8,""CrossFit"":8,""Chevron"":7,""Burger King"":6}","{""android"":20,""ios"":5}",US
sg:2c65f4123a494e01969e4ecdc6df9a19,Bay Print Solutions,380 10th St Unit C,San Francisco,CA,94103,[],339950,2020-03-15T00:00:00-07:00,2020-03-22T00:00:00-07:00,12,12,"[4,2,1,0,2,0,3]","[0,0,0,0,0,0,0,0,1,0,1,0,1,0,0,0,1,0,0,0,0,0,0,0,0,0,0,0,0,0,0,1,0,0,0,1,0,0,0,0,0,0,0,0,0,0,0,0,0,0,0,0,0,0,0,0,0,0,0,0,0,0,0,0,0,0,0,1,0,0,0,0,0,0,0,0,0,0,0,0,0,0,0,0,0,0,0,0,0,0,0,0,0,0,0,0,0,0,0,0,0,1,0,0,0,1,0,0,0,0,0,0,0,0,0,0,0,0,0,0,0,0,0,0,0,0,0,0,0,0,0,0,0,0,0,0,0,0,0,0,0,0,0,0,0,0,0,0,0,0,0,0,0,2,0,0,0,0,0,1,0,0,0,0,0,0,0,0]",{},"{""US"":10}",7845,9,"{""<5"":3,""5-20"":7,""21-60"":1,""61-240"":1,"">240"":0}","{""Cycle Gear"":50,""Costco Wholesale Corp."":49,""KFC"":25}","{""Costco Wholesale Corp."":64,""Target"":21,""Lucky Supermarkets"":17,""Design Hotels"":8,""Lamborghini"":8,""Kelly-Moore Paints"":8,""DAISO"":8,""BevMo"":8,""Cycle Gear"":8,""Sunbelt Rentals"":8,""Peet's Coffee and Tea"":8,""Smashburger"":8,""Hyatt Place"":8,""Tesla Motors"":8,""Smart & Final"":8,""GNC (General Nutrition Centers)"":8,""Whole Foods Market"":8,""Holiday Inn Express"":8,""Dick's Sporting Goods"":8,""Sears Home Services"":8}","{""android"":0,""ios"":8}",US
sg:3a23f4ef19664d89bb0ec1c1192c3b09,The Gifted Basket,1201 Minnesota St,San Francisco,CA,94107,[],453220,2020-03-15T00:00:00-07:00,2020-03-22T00:00:00-07:00,19,17,"[1,3,2,6,5,1,1]","[0,0,0,0,0,0,0,0,0,0,0,0,0,0,0,0,0,1,0,0,0,0,0,0,0,0,0,0,0,0,0,0,0,1,1,0,0,0,0,0,0,0,0,1,0,0,0,0,0,0,0,0,0,0,0,0,0,1,0,0,0,0,0,0,0,0,1,0,0,0,0,0,0,0,0,0,0,0,0,1,1,0,2,0,0,0,1,0,0,1,0,0,0,0,0,0,1,0,0,0,0,0,0,1,0,0,0,1,1,0,0,0,0,0,0,0,0,0,0,1,0,0,0,0,0,0,0,0,0,0,0,0,1,0,0,0,0,0,0,0,0,0,0,0,0,0,0,0,0,0,0,0,0,0,0,0,0,0,0,0,0,0,0,0,0,0,0,1]",{},"{""US"":12}",14220,30,"{""<5"":1,""5-20"":5,""21-60"":6,""61-240"":3,"">240"":4}","{""Super 8"":50,""Extreme Pizza"":33}","{""Costco Wholesale Corp."":21,""Dollar Tree"":15,""Domino's Pizza"":11,""Goodwill Industries"":11,""United States Postal Service (USPS)"":11,""One Medical"":6,""Crossroads"":6,""Loya Insurance Group [Fred Loya Insurance]"":6,""Extreme Pizza"":6,""Specialty's Cafe and Bakery"":6,""Philz Coffee"":6,""HD Supply"":6,""Pump It Up"":6,""Sutter Health"":6,""Green Burrito"":6,""dd's DISCOUNTS"":6,""Cardenas Markets"":6,""Mazda"":6,""24 Hour Fitness"":6,""Subaru"":6}","{""android"":9,""ios"":8}",US
sg:54de2dc8419f415790985a29f50654db,Magnolia Brewing Company,1398 Haight St,San Francisco,CA,94117,[],312120,2020-03-15T00:00:00-07:00,2020-03-22T00:00:00-07:00,3,3,"[2,1,0,0,0,0,0]","[0,0,0,0,0,0,0,0,0,0,0,0,0,0,2,0,0,0,0,0,0,0,0,0,0,0,0,0,0,0,0,0,0,0,0,0,0,0,0,1,0,0,0,0,0,0,0,0,0,0,0,0,0,0,0,0,0,0,0,0,0,0,0,0,0,0,0,0,0,0,0,0,0,0,0,0,0,0,0,0,0,0,0,0,0,0,0,0,0,0,0,0,0,0,0,0,0,0,0,0,0,0,0,0,0,0,0,0,0,0,0,0,0,0,0,0,0,0,0,0,0,0,0,0,0,0,0,0,0,0,0,0,0,0,0,0,0,0,0,0,0,0,0,0,0,0,0,0,0,0,0,0,0,0,0,0,0,0,0,0,0,0,0,0,0,0,0,0]",{},{},null,14,"{""<5"":0,""5-20"":2,""21-60"":0,""61-240"":1,"">240"":0}",{},{},"{""android"":0,""ios"":0}",US
sg:571a3517c2ab4bd3aed821924f28726e,John James Designs,49 Lusk St,San Francisco,CA,94107,[],453110,2020-03-15T00:00:00-07:00,2020-03-22T00:00:00-07:00,4,4,"[0,2,0,1,1,0,0]","[0,0,0,0,0,0,0,0,0,0,0,0,0,0,0,0,0,0,0,0,0,0,0,0,0,0,0,0,0,0,0,0,0,0,0,1,0,1,0,0,0,0,0,0,0,0,0,0,0,0,0,0,0,0,0,0,0,0,0,0,0,0,0,0,0,0,0,0,0,0,0,0,0,0,0,0,0,0,0,0,0,0,0,0,0,0,0,0,0,1,0,0,0,0,0,0,0,0,0,0,0,0,0,0,0,0,0,0,0,0,0,0,0,1,0,0,0,0,0,0,0,0,0,0,0,0,0,0,0,0,0,0,0,0,0,0,0,0,0,0,0,0,0,0,0,0,0,0,0,0,0,0,0,0,0,0,0,0,0,0,0,0,0,0,0,0,0,0]",{},{},null,179.5,"{""<5"":0,""5-20"":1,""21-60"":0,""61-240"":2,"">240"":1}",{},{},"{""android"":0,""ios"":0}",US
sg:7b77d29ef3914c8b83e4b3887cd970b5,The Clift Royal Sonesta Hotel,495 Geary St,San Francisco,CA,94102,[],721110,2020-03-15T00:00:00-07:00,2020-03-22T00:00:00-07:00,13,7,"[4,1,3,4,1,0,0]","[0,0,0,1,0,0,0,0,0,0,1,0,0,0,0,0,0,2,0,0,0,0,0,0,0,0,0,0,0,0,0,1,0,0,0,0,0,0,0,0,0,0,0,0,0,0,0,0,0,0,0,0,0,0,1,0,0,0,1,0,0,0,0,0,0,1,0,0,0,0,0,0,0,0,0,0,0,0,0,0,0,0,2,0,0,0,0,0,0,1,1,0,0,0,0,0,0,0,0,0,0,0,0,0,0,0,0,0,0,0,0,0,0,1,0,0,0,0,0,0,0,0,0,0,0,0,0,0,0,0,0,0,0,0,0,0,0,0,0,0,0,0,0,0,0,0,0,0,0,0,0,0,0,0,0,0,0,0,0,0,0,0,0,0,0,0,0,0]",{},"{""US"":5}",50268,92,"{""<5"":0,""5-20"":3,""21-60"":2,""61-240"":5,"">240"":3}","{""The Halal Guys"":33}","{""Safeway"":28,""Walgreens"":25,""St. Regis"":14,""The Halal Guys"":14,""BJ's Restaurants"":14,""Public Storage"":14,""Fairfield Inn & Suites by Marriott"":14,""Residence Inn by Marriott"":14,""Safeway Pharmacy"":14,""Sears Home Services"":14,""76"":14,""ARCO"":14,""Petco"":14,""Ross Stores"":14,""Popeyes Louisiana Kitchen"":14,""Goodwill Industries"":13,""Target"":11,""Starbucks"":10}","{""android"":0,""ios"":5}",US
sg:7c6c4b22f77d4a638bbd6854350ea59e,San Francisco Shotokan Karate,1350 Waller St,San Francisco,CA,94117,[],713940,2020-03-15T00:00:00-07:00,2020-03-22T00:00:00-07:00,8,4,"[2,1,0,1,2,1,1]","[0,0,0,0,0,0,0,0,0,0,0,0,0,0,0,1,1,0,0,0,0,0,0,0,0,0,0,0,0,0,0,0,0,0,0,0,0,0,0,0,0,0,0,0,0,0,1,0,0,0,0,0,0,0,0,0,0,0,0,0,0,0,0,0,0,0,0,0,0,0,0,0,0,0,0,0,0,0,0,0,0,0,0,0,0,0,0,0,0,1,0,0,0,0,0,0,0,0,0,0,0,0,0,0,0,0,0,0,0,0,0,0,0,1,0,0,0,1,0,0,0,0,0,0,0,0,0,0,0,0,0,0,0,0,0,0,0,0,0,0,0,1,0,0,0,0,0,0,0,0,0,0,0,0,0,0,0,0,0,0,0,0,0,1,0,0,0,0]",{},{},null,155,"{""<5"":1,""5-20"":0,""21-60"":2,""61-240"":2,"">240"":3}",{},{},"{""android"":0,""ios"":0}",US
sg:8be77249ca12416486762e752d73916d,Yoga4Bears,Mission Dolores Park,San Francisco,CA,94114,[],713940,2020-03-15T00:00:00-07:00,2020-03-22T00:00:00-07:00,40,37,"[7,6,5,8,4,3,7]","[0,0,1,0,0,0,0,0,0,0,0,0,0,0,1,3,0,0,2,0,0,0,0,0,0,0,0,0,0,0,0,1,0,0,0,0,0,0,2,0,0,1,0,0,0,2,0,0,0,0,0,0,0,0,0,0,0,0,0,1,1,0,2,1,0,0,0,0,0,0,0,0,0,0,0,0,0,0,0,0,0,0,0,1,1,2,0,1,1,1,0,1,0,0,0,0,0,0,0,0,0,0,0,0,0,0,1,0,0,0,0,0,1,2,0,0,0,0,0,0,0,0,0,0,0,0,0,0,0,0,0,0,2,0,0,0,0,1,0,0,0,0,0,0,1,0,1,0,0,0,0,0,0,0,1,0,0,0,0,0,1,2,1,0,0,0,0,0]",{},"{""US"":31}",5160,20.5,"{""<5"":1,""5-20"":19,""21-60"":16,""61-240"":4,"">240"":0}","{""Safeway Pharmacy"":17}","{""Safeway"":13,""Whole Foods Market"":11,""Shell Oil"":10,""McDonald's"":7,""Loop Neighborhood Market"":5,""Peet's Coffee and Tea"":5,""24 Hour Fitness"":5,""Safeway Pharmacy"":5}","{""android"":16,""ios"":21}",US
sg:9f25753fa0da41d7a2f3400703649ff1,Bodywork SF,1528 Union St,San Francisco,CA,94123,[],713940,2020-03-15T00:00:00-07:00,2020-03-22T00:00:00-07:00,1,1,"[1,0,0,0,0,0,0]","[0,0,0,0,0,0,0,0,0,1,0,0,0,0,0,0,0,0,0,0,0,0,0,0,0,0,0,0,0,0,0,0,0,0,0,0,0,0,0,0,0,0,0,0,0,0,0,0,0,0,0,0,0,0,0,0,0,0,0,0,0,0,0,0,0,0,0,0,0,0,0,0,0,0,0,0,0,0,0,0,0,0,0,0,0,0,0,0,0,0,0,0,0,0,0,0,0,0,0,0,0,0,0,0,0,0,0,0,0,0,0,0,0,0,0,0,0,0,0,0,0,0,0,0,0,0,0,0,0,0,0,0,0,0,0,0,0,0,0,0,0,0,0,0,0,0,0,0,0,0,0,0,0,0,0,0,0,0,0,0,0,0,0,0,0,0,0,0]",{},null,null,149,"{""<5"":0,""5-20"":0,""21-60"":0,""61-240"":1,"">240"":0}",{},{},"{""android"":0,""ios"":0}",US
sg:acbd6c76a1574950bfbda74f28e10422,The Children's Psychological Health Center Inc,2105 Divisadero St,San Francisco,CA,94115,[],621111,2020-03-15T00:00:00-07:00,2020-03-22T00:00:00-07:00,3,3,"[0,0,0,2,0,0,1]","[0,0,0,0,0,0,0,0,0,0,0,0,0,0,0,0,0,0,0,0,0,0,0,0,0,0,0,0,0,0,0,0,0,0,0,0,0,0,0,0,0,0,0,0,0,0,0,0,0,0,0,0,0,0,0,0,0,0,0,0,0,0,0,0,0,0,0,0,0,0,0,0,0,0,0,0,0,0,0,0,0,0,0,0,0,0,0,0,0,1,0,0,0,0,0,1,0,0,0,0,0,0,0,0,0,0,0,0,0,0,0,0,0,0,0,0,0,0,0,0,0,0,0,0,0,0,0,0,0,0,0,0,0,0,0,0,0,0,0,0,0,0,0,0,0,0,0,0,0,0,0,0,0,0,0,1,0,0,0,0,0,0,0,0,0,0,0,0]",{},{},null,53,"{""<5"":0,""5-20"":1,""21-60"":1,""61-240"":0,"">240"":1}",{},{},"{""android"":0,""ios"":0}",US
sg:b5d500e968bd4b22b3c0a74371078096,Real Estate,1948 Buchanan St,San Francisco,CA,94115,[],522110,2020-03-15T00:00:00-07:00,2020-03-22T00:00:00-07:00,3,2,"[0,0,2,1,0,0,0]","[0,0,0,0,0,0,0,0,0,0,0,0,0,0,0,0,0,0,0,0,0,0,0,0,0,0,0,0,0,0,0,0,0,0,0,0,0,0,0,0,0,0,0,0,0,0,0,0,0,0,0,0,0,0,0,0,0,1,0,0,0,0,0,1,0,0,0,0,0,0,0,0,0,0,0,0,0,0,0,0,0,1,0,0,0,0,0,0,0,0,0,0,0,0,0,0,0,0,0,0,0,0,0,0,0,0,0,0,0,0,0,0,0,0,0,0,0,0,0,0,0,0,0,0,0,0,0,0,0,0,0,0,0,0,0,0,0,0,0,0,0,0,0,0,0,0,0,0,0,0,0,0,0,0,0,0,0,0,0,0,0,0,0,0,0,0,0,0]",{},{},null,437,"{""<5"":0,""5-20"":0,""21-60"":1,""61-240"":0,"">240"":2}",{},{},"{""android"":0,""ios"":0}",US
sg:d64ef01a399a40b4bbd0179be2adab4a,21 Taste House,1109 Ocean Ave,San Francisco,CA,94112,[],722511,2020-03-15T00:00:00-07:00,2020-03-22T00:00:00-07:00,21,13,"[0,4,2,3,6,3,3]","[0,0,0,0,0,0,0,0,0,0,0,0,0,0,0,0,0,0,0,0,0,0,0,0,0,0,0,0,0,0,0,0,0,0,0,0,0,0,0,0,2,0,1,0,0,1,0,0,0,0,0,0,0,0,0,0,0,0,0,0,0,0,0,0,0,1,0,0,0,1,0,0,0,0,0,0,0,0,0,0,0,0,1,0,1,0,0,0,0,0,0,0,1,0,0,0,1,0,0,0,0,0,0,0,1,0,0,1,0,0,1,0,0,0,0,1,0,1,0,0,1,0,0,0,0,0,0,0,0,0,0,0,0,0,0,0,0,0,0,0,0,0,2,0,0,0,0,0,0,0,0,0,0,0,0,0,0,0,0,0,0,2,0,1,0,0,0,0]",{},"{""US"":9}",1054,257,"{""<5"":0,""5-20"":9,""21-60"":1,""61-240"":0,"">240"":11}","{""Quickly"":33}","{""Chevron"":22,""McDonald's"":16,""Peet's Coffee and Tea"":15,""Walgreens"":12,""Impark"":8,""Golden China"":8,""Quickly"":8,""Bubba Gump Shrimp"":8,""Winchell's Donut House"":8,""Baja Fresh"":8,""Nordstrom Rack"":8,""Travelodge"":8,""Zumiez"":8,""DoubleTree by Hilton"":8,""Holiday Inn Express"":7,""Papa John's"":7,""76"":7,""ARCO"":7,""Kohl's"":7,""Love's Travel Stops and Country Stores"":7}","{""android"":7,""ios"":6}",US
sg:dc8eed18b7bb4063aadc2a26d469b33d,Super Sam Food,691 McAllister St,San Francisco,CA,94102,[],445110,2020-03-15T00:00:00-07:00,2020-03-22T00:00:00-07:00,28,25,"[5,6,5,5,3,2,2]","[0,0,0,1,0,1,0,0,0,0,0,0,0,0,0,1,0,0,1,0,0,1,0,0,0,0,0,0,0,1,0,1,0,0,0,1,0,0,0,1,0,0,1,1,0,0,0,0,1,1,0,0,0,0,0,1,1,0,0,0,0,0,1,0,0,0,0,0,0,0,0,0,0,0,0,0,0,0,0,0,0,0,0,0,0,0,0,2,0,0,1,0,1,0,0,1,0,0,0,0,0,0,0,0,0,0,0,0,0,0,0,0,0,1,1,0,0,0,1,0,0,0,0,0,0,0,0,1,0,0,0,0,0,0,0,0,0,0,0,0,0,0,0,1,0,0,0,0,0,0,0,0,0,0,0,0,0,0,1,0,0,1,0,0,0,0,0,0]",{},"{""US"":14}",3852,20.5,"{""<5"":1,""5-20"":13,""21-60"":4,""61-240"":5,"">240"":5}",{},"{""Popeyes Louisiana Kitchen"":11,""Costco Wholesale Corp."":10,""Whole Foods Market"":8,""Chevron"":7}","{""android"":13,""ios"":12}",US
sg:fb8efbfa54b34ec3a0d2559aa7bf1048,Caffe Sport,574 Green St,San Francisco,CA,94133,[],722511,2020-03-15T00:00:00-07:00,2020-03-22T00:00:00-07:00,4,2,"[1,0,0,0,2,1,0]","[0,0,0,0,0,0,0,0,0,0,0,0,0,0,0,0,0,0,1,0,0,0,0,0,0,0,0,0,0,0,0,0,0,0,0,0,0,0,0,0,0,0,0,0,0,0,0,0,0,0,0,0,0,0,0,0,0,0,0,0,0,0,0,0,0,0,0,0,0,0,0,0,0,0,0,0,0,0,0,0,0,0,0,0,0,0,0,0,0,0,0,0,0,0,0,0,0,0,0,0,0,0,0,0,1,0,0,0,0,0,0,1,0,0,0,0,0,0,0,0,0,0,0,0,0,0,0,0,0,1,0,0,0,0,0,0,0,0,0,0,0,0,0,0,0,0,0,0,0,0,0,0,0,0,0,0,0,0,0,0,0,0,0,0,0,0,0,0]",{},{},null,141.5,"{""<5"":0,""5-20"":0,""21-60"":1,""61-240"":2,"">240"":1}",{},{},"{""android"":0,""ios"":0}",US
sg:0f62ad5940954c9ebe3aed2824aa9316,Korean Center Inc Korean Language Program,1362 Post St,San Francisco,CA,94109,[],611630,2020-03-15T00:00:00-07:00,2020-03-22T00:00:00-07:00,5,4,"[1,3,0,1,0,0,0]","[0,0,0,0,0,0,0,0,0,0,0,0,0,0,1,0,0,0,0,0,0,0,0,0,0,0,0,0,0,0,0,0,0,2,0,0,0,0,1,0,0,0,0,0,0,0,0,0,0,0,0,0,0,0,0,0,0,0,0,0,0,0,0,0,0,0,0,0,0,0,0,0,0,0,0,0,0,0,0,0,0,0,0,0,0,0,0,0,0,0,0,1,0,0,0,0,0,0,0,0,0,0,0,0,0,0,0,0,0,0,0,0,0,0,0,0,0,0,0,0,0,0,0,0,0,0,0,0,0,0,0,0,0,0,0,0,0,0,0,0,0,0,0,0,0,0,0,0,0,0,0,0,0,0,0,0,0,0,0,0,0,0,0,0,0,0,0,0]",{},{},null,186,"{""<5"":0,""5-20"":0,""21-60"":0,""61-240"":3,"">240"":2}",{},{},"{""android"":0,""ios"":0}",US
sg:17d2697cd56946bc9ea97c17bbd0939c,Road House Coffee Company,5191 3rd St,San Francisco,CA,94124,[],722515,2020-03-15T00:00:00-07:00,2020-03-22T00:00:00-07:00,38,27,"[7,12,4,5,4,3,3]","[0,0,0,0,0,0,0,0,0,0,0,0,1,0,1,0,0,3,0,1,0,1,0,0,0,0,0,0,0,0,0,1,0,2,1,1,0,0,0,2,2,1,0,1,1,0,0,0,0,0,0,0,0,0,1,0,1,0,0,1,0,0,0,0,0,0,0,0,0,0,1,0,0,0,0,0,0,0,0,1,0,0,0,2,0,0,0,0,0,1,0,1,0,0,0,0,0,0,0,0,0,0,0,0,0,0,1,2,0,0,1,0,0,0,0,0,0,0,0,0,0,0,0,0,0,0,0,1,0,0,0,0,0,2,0,0,0,0,0,0,0,0,0,0,0,0,0,0,0,0,0,1,0,1,0,0,1,0,0,0,0,0,0,0,0,0,0,0]","{""060750232001"":6}","{""US"":23}",780,71,"{""<5"":1,""5-20"":9,""21-60"":8,""61-240"":16,"">240"":4}","{""Extra Space Storage"":33,""Subway"":8}","{""Chevron"":28,""Costco Wholesale Corp."":27,""Walgreens"":19,""Grocery Outlet"":11,""The Home Depot"":8,""Krispy Krunchy Chicken"":7,""Safeway"":7,""Valero Energy"":6}","{""android"":16,""ios"":11}",US
sg:1c8293eefc6a4386932f27508ffe923d,Pork Store Cafe,1451 Haight St,San Francisco,CA,94117,[],722515,2020-03-15T00:00:00-07:00,2020-03-22T00:00:00-07:00,6,5,"[3,2,1,0,0,0,0]","[0,0,0,0,0,0,0,0,0,0,1,0,1,0,0,0,0,1,0,0,0,0,0,0,0,0,0,0,0,0,0,0,0,0,0,0,1,0,0,0,0,1,0,0,0,0,0,0,0,0,0,0,0,0,0,0,0,0,0,0,0,0,1,0,0,0,0,0,0,0,0,0,0,0,0,0,0,0,0,0,0,0,0,0,0,0,0,0,0,0,0,0,0,0,0,0,0,0,0,0,0,0,0,0,0,0,0,0,0,0,0,0,0,0,0,0,0,0,0,0,0,0,0,0,0,0,0,0,0,0,0,0,0,0,0,0,0,0,0,0,0,0,0,0,0,0,0,0,0,0,0,0,0,0,0,0,0,0,0,0,0,0,0,0,0,0,0,0]",{},"{""US"":5}",27817,24,"{""<5"":0,""5-20"":3,""21-60"":3,""61-240"":0,"">240"":0}",{},"{""Ben & Jerry's"":40,""Alphagraphics"":20,""Ralph Lauren"":20,""Premium Outlets"":20,""Chevron Extra Mile"":20,""Red Robin Gourmet Burgers"":20,""Macy's"":20,""Smart & Final"":20,""Safeway Pharmacy"":20,""Whole Foods Market"":20,""Kwik Trip"":20,""ARCO"":20,""Panera Bread"":20,""Domino's Pizza"":19,""Valero Energy"":19,""Speedway"":19,""United States Postal Service (USPS)"":19,""Burger King"":18,""Taco Bell"":18,""McDonald's"":13}","{""android"":0,""ios"":0}",US
sg:1f77beafd76d454a942f3e78baf0482f,KJ Produce Market,400 Irving St,San Francisco,CA,94122,[],445110,2020-03-15T00:00:00-07:00,2020-03-22T00:00:00-07:00,7,6,"[0,5,0,1,0,0,1]","[0,0,0,0,0,0,0,0,0,0,0,0,0,0,0,0,0,0,0,0,0,0,0,0,0,0,0,0,0,0,0,1,0,0,0,0,0,2,1,1,0,0,0,0,0,0,0,0,0,0,0,0,0,0,0,0,0,0,0,0,0,0,0,0,0,0,0,0,0,0,0,0,0,0,0,0,0,0,0,0,0,0,0,0,0,0,0,1,0,0,0,0,0,0,0,0,0,0,0,0,0,0,0,0,0,0,0,0,0,0,0,0,0,0,0,0,0,0,0,0,0,0,0,0,0,0,0,0,0,0,0,0,0,0,0,0,0,0,0,0,0,0,0,0,0,0,0,0,0,0,0,1,0,0,0,0,0,0,0,0,0,0,0,0,0,0,0,0]",{},"{""US"":6}",180,10,"{""<5"":0,""5-20"":6,""21-60"":1,""61-240"":0,"">240"":0}",{},"{""Costco Wholesale Corp."":14,""Shell Oil"":14,""Target"":13}","{""android"":0,""ios"":0}",US
sg:2db68082639d4b9eb0e8eafda9def3bf,Apple Retail Store,300 Post St,San Francisco,CA,94108,"[""Apple Retail Store""]",443142,2020-03-15T00:00:00-07:00,2020-03-22T00:00:00-07:00,1,1,"[0,0,1,0,0,0,0]","[0,0,0,0,0,0,0,0,0,0,0,0,0,0,0,0,0,0,0,0,0,0,0,0,0,0,0,0,0,0,0,0,0,0,0,0,0,0,0,0,0,0,0,0,0,0,0,0,0,0,0,0,0,0,0,0,0,0,0,0,0,1,0,0,0,0,0,0,0,0,0,0,0,0,0,0,0,0,0,0,0,0,0,0,0,0,0,0,0,0,0,0,0,0,0,0,0,0,0,0,0,0,0,0,0,0,0,0,0,0,0,0,0,0,0,0,0,0,0,0,0,0,0,0,0,0,0,0,0,0,0,0,0,0,0,0,0,0,0,0,0,0,0,0,0,0,0,0,0,0,0,0,0,0,0,0,0,0,0,0,0,0,0,0,0,0,0,0]",{},{},null,5,"{""<5"":0,""5-20"":1,""21-60"":0,""61-240"":0,"">240"":0}",{},{},"{""android"":0,""ios"":0}",US
sg:309c218d2c2f41538b64005eb90ba628,South Van Ness Dental Group,240 Shotwell St,San Francisco,CA,94110,[],621210,2020-03-15T00:00:00-07:00,2020-03-22T00:00:00-07:00,4,3,"[0,0,0,1,1,2,0]","[0,0,0,0,0,0,0,0,0,0,0,0,0,0,0,0,0,0,0,0,0,0,0,0,0,0,0,0,0,0,0,0,0,0,0,0,0,0,0,0,0,0,0,0,0,0,0,0,0,0,0,0,0,0,0,0,0,0,0,0,0,0,0,0,0,0,0,0,0,0,0,0,0,0,0,0,0,1,0,0,0,0,0,0,0,0,0,0,0,0,0,0,0,0,0,0,0,0,0,0,0,0,0,0,0,0,0,0,0,0,1,0,0,0,0,0,0,0,0,0,0,0,0,0,0,0,0,0,0,0,0,0,0,1,0,0,1,0,0,0,0,0,0,0,0,0,0,0,0,0,0,0,0,0,0,0,0,0,0,0,0,0,0,0,0,0,0,0]",{},{},null,84,"{""<5"":0,""5-20"":1,""21-60"":1,""61-240"":2,"">240"":0}",{},{},"{""android"":0,""ios"":0}",US
sg:43cc65a533124ff9b89d9c3eb304f0ea,Patrick Thermador Appliance Repair Pro,188 Bertita St,San Francisco,CA,94112,[],811412,2020-03-15T00:00:00-07:00,2020-03-22T00:00:00-07:00,11,8,"[0,2,1,2,1,4,1]","[0,0,0,0,0,0,0,0,0,0,0,0,0,0,0,0,0,0,0,0,0,0,0,0,0,0,0,0,0,0,0,0,1,0,0,0,0,0,0,0,0,0,0,0,0,1,0,0,0,0,0,0,0,0,0,0,0,0,0,0,0,0,0,1,0,0,0,0,0,0,0,0,0,0,0,0,0,0,0,0,1,0,0,0,0,0,0,0,0,1,0,0,0,0,0,0,0,0,0,0,0,0,0,0,0,0,0,0,0,0,0,0,0,1,0,0,0,0,0,0,0,0,0,0,0,0,1,0,0,0,0,0,0,0,0,1,0,1,0,0,0,1,0,0,0,0,0,0,0,0,0,0,0,0,0,0,0,0,0,0,0,0,1,0,0,0,0,0]",{},"{""US"":5}",5149,54,"{""<5"":2,""5-20"":2,""21-60"":2,""61-240"":3,"">240"":2}",{},"{""Andale Mexican Family Kitchen"":12,""Marukai"":12,""St. Regis"":12,""Stein Mart"":12,""Five Guys"":12,""Trader Joe's"":12,""Ross Stores"":12,""Safeway"":12,""Planet Fitness"":12,""Goodwill Industries"":12,""Valero Energy"":11,""Chevron"":11,""Burger King"":11,""Costco Wholesale Corp."":10,""Shell Oil"":9,""Target"":9,""Starbucks"":9}","{""android"":0,""ios"":0}",US
sg:5b1101cdf9774f5a851049eace5ae690,Elevated San Francisco,2442 Bay Shore Blvd,San Francisco,CA,94134,[],424210,2020-03-15T00:00:00-07:00,2020-03-22T00:00:00-07:00,8,8,"[1,2,1,0,1,3,0]","[0,0,0,0,0,0,0,0,1,0,0,0,0,0,0,0,0,0,0,0,0,0,0,0,0,0,0,0,0,0,1,0,0,0,0,1,0,0,0,0,0,0,0,0,0,0,0,0,0,0,0,0,0,0,0,0,0,0,1,0,0,0,0,0,0,0,0,0,0,0,0,0,0,0,0,0,0,0,0,0,0,0,0,0,0,0,0,0,0,0,0,0,0,0,0,0,0,0,0,0,0,0,0,0,0,0,0,1,0,0,0,0,0,0,0,0,0,0,0,0,0,0,0,0,0,0,0,1,0,0,0,0,0,0,0,0,0,0,1,0,0,1,0,0,0,0,0,0,0,0,0,0,0,0,0,0,0,0,0,0,0,0,0,0,0,0,0,0]",{},"{""US"":6}",2926,17,"{""<5"":1,""5-20"":3,""21-60"":1,""61-240"":2,"">240"":1}",{},"{""Grocery Outlet"":25,""KOA (Kampgrounds of America)"":12,""Champs Sports"":12,""Carl's Jr."":12}","{""android"":0,""ios"":7}",US
sg:5cbe7b746970462baf557bbeec35a113,Jack's Market,471 3rd St,San Francisco,CA,94107,[],445310,2020-03-15T00:00:00-07:00,2020-03-22T00:00:00-07:00,9,4,"[2,2,3,0,0,1,1]","[0,0,0,0,0,0,0,0,0,0,0,0,0,1,0,1,0,0,0,0,0,0,0,0,0,0,0,0,0,0,0,0,0,0,0,1,0,0,0,0,0,0,1,0,0,0,0,0,0,0,0,0,0,0,0,0,0,0,0,0,0,0,0,1,1,1,0,0,0,0,0,0,0,0,0,0,0,0,0,0,0,0,0,0,0,0,0,0,0,0,0,0,0,0,0,0,0,0,0,0,0,0,0,0,0,0,0,0,0,0,0,0,0,0,0,0,0,0,0,0,0,0,0,0,0,0,0,0,0,0,0,0,0,0,0,1,0,0,0,0,0,0,0,0,0,0,0,0,0,0,0,0,0,0,0,0,0,0,1,0,0,0,0,0,0,0,0,0]",{},{},null,12,"{""<5"":1,""5-20"":4,""21-60"":4,""61-240"":0,"">240"":0}",{},{},"{""android"":0,""ios"":0}",US
